2024-08-20T00:04:00, 1144,"20-aug-24","00:00",  6772,  6652,  6578,  6783,  6894,  6731,  6915,  3.8, 0.0212,  .3676, 0.0212, 2.7091, 0.08,111.987, 0.0212,  .3419, 0.0212, 1.9902, 0.08, 84.788, 0.0212,  .6126, 0.0212, 1.9300, 0.08, 74.777, 0.0212,  .5270, 0.0212,  .9122, 0.08, 67.943, 0.0212,  .4416, 0.0212, 1.3152, 0.08, 61.192, 0.0212,  .4469, 0.0212,  .7159, 0.08, 44.918, 0.0212,  .8402, 0.0212, 1.5487, 0.08, 41.991
2024-08-20T00:09:01, 1144,"20-aug-24","00:05",  6953,  6664,  6501,  6879,  6886,  6965,  7148,  3.8, 0.0212,  .3642, 0.0212, 2.7090, 0.09,112.950, 0.0212,  .3396, 0.0212, 1.9902, 0.09, 85.514, 0.0212,  .6088, 0.0212, 1.9300, 0.09, 75.418, 0.0212,  .5241, 0.0212,  .9124, 0.09, 68.541, 0.0212,  .4394, 0.0212, 1.3153, 0.09, 61.728, 0.0212,  .4452, 0.0212,  .7161, 0.09, 45.323, 0.0212,  .8371, 0.0212, 1.5489, 0.09, 42.377
2024-08-20T00:14:00, 1144,"20-aug-24","00:10",  6715,  6352,  6274,  6377,  6599,  6497,  6492,  3.8, 0.0212,  .3612, 0.0212, 2.7090, 0.08,113.845, 0.0212,  .3374, 0.0212, 1.9902, 0.08, 86.181, 0.0212,  .6053, 0.0212, 1.9299, 0.08, 76.013, 0.0212,  .5214, 0.0212,  .9124, 0.08, 69.075, 0.0212,  .4373, 0.0212, 1.3153, 0.08, 62.222, 0.0212,  .4437, 0.0212,  .7161, 0.08, 45.687, 0.0212,  .8344, 0.0212, 1.5490, 0.08, 42.714
2024-08-20T00:19:00, 1144,"20-aug-24","00:15",  7781,  7935,  7794,  8183,  8282,  8309,  8394,  3.8, 0.0212,  .3575, 0.0212, 2.7090, 0.09,114.923, 0.0212,  .3347, 0.0212, 1.9902, 0.09, 87.046, 0.0212,  .6009, 0.0212, 1.9299, 0.09, 76.780, 0.0212,  .5180, 0.0212,  .9127, 0.09, 69.786, 0.0212,  .4347, 0.0212, 1.3154, 0.09, 62.867, 0.0212,  .4417, 0.0212,  .7161, 0.09, 46.171, 0.0212,  .8309, 0.0212, 1.5492, 0.09, 43.167
2024-08-20T00:24:01, 1144,"20-aug-24","00:20",  7010,  6783,  6731,  7075,  7021,  6949,  7123,  3.8, 0.0212,  .3543, 0.0212, 2.7089, 0.09,115.893, 0.0212,  .3324, 0.0212, 1.9902, 0.09, 87.785, 0.0212,  .5970, 0.0212, 1.9298, 0.09, 77.443, 0.0212,  .5150, 0.0212,  .9128, 0.09, 70.401, 0.0212,  .4325, 0.0212, 1.3155, 0.09, 63.413, 0.0212,  .4400, 0.0212,  .7162, 0.09, 46.575, 0.0212,  .8278, 0.0212, 1.5493, 0.09, 43.552
2024-08-20T00:29:00, 1144,"20-aug-24","00:25",  6778,  6413,  6364,  6553,  6872,  6745,  6803,  3.8, 0.0212,  .3512, 0.0212, 2.7089, 0.09,116.832, 0.0212,  .3302, 0.0212, 1.9902, 0.09, 88.485, 0.0212,  .5934, 0.0212, 1.9299, 0.09, 78.070, 0.0212,  .5123, 0.0212,  .9129, 0.09, 70.971, 0.0212,  .4303, 0.0212, 1.3155, 0.09, 63.948, 0.0212,  .4384, 0.0212,  .7163, 0.09, 46.968, 0.0212,  .8250, 0.0212, 1.5495, 0.09, 43.919
2024-08-20T00:34:00, 1144,"20-aug-24","00:30",  6517,  6402,  6330,  6525,  6565,  6485,  6682,  3.8, 0.0212,  .3483, 0.0212, 2.7089, 0.08,117.701, 0.0212,  .3282, 0.0212, 1.9903, 0.08, 89.156, 0.0212,  .5900, 0.0212, 1.9299, 0.08, 78.671, 0.0212,  .5097, 0.0212,  .9131, 0.08, 71.517, 0.0212,  .4283, 0.0212, 1.3156, 0.08, 64.440, 0.0212,  .4369, 0.0212,  .7163, 0.08, 47.331, 0.0212,  .8222, 0.0212, 1.5496, 0.08, 44.266
2024-08-20T00:39:00, 1144,"20-aug-24","00:35",  6352,  6197,  6013,  6384,  6340,  6472,  6490,  3.8, 0.0212,  .3454, 0.0212, 2.7088, 0.09,118.580, 0.0212,  .3261, 0.0212, 1.9903, 0.09, 89.832, 0.0212,  .5867, 0.0212, 1.9299, 0.09, 79.263, 0.0212,  .5071, 0.0212,  .9132, 0.09, 72.072, 0.0212,  .4263, 0.0212, 1.3157, 0.09, 64.933, 0.0212,  .4354, 0.0212,  .7164, 0.09, 47.707, 0.0212,  .8195, 0.0212, 1.5497, 0.09, 44.617
2024-08-20T00:44:01, 1144,"20-aug-24","00:40",  6125,  5973,  5950,  6221,  6352,  6256,  6374,  3.8, 0.0212,  .3427, 0.0212, 2.7088, 0.09,119.428, 0.0212,  .3241, 0.0212, 1.9902, 0.09, 90.483, 0.0212,  .5833, 0.0212, 1.9299, 0.09, 79.849, 0.0212,  .5045, 0.0212,  .9134, 0.09, 72.612, 0.0212,  .4243, 0.0212, 1.3157, 0.09, 65.427, 0.0212,  .4340, 0.0212,  .7165, 0.09, 48.071, 0.0212,  .8169, 0.0212, 1.5499, 0.09, 44.961
2024-08-20T00:49:00, 1144,"20-aug-24","00:45",  6472,  6585,  6472,  6656,  6732,  6734,  6989,  3.8, 0.0212,  .3398, 0.0212, 2.7088, 0.09,120.324, 0.0212,  .3220, 0.0212, 1.9902, 0.09, 91.201, 0.0212,  .5798, 0.0212, 1.9299, 0.09, 80.486, 0.0212,  .5018, 0.0212,  .9135, 0.09, 73.191, 0.0212,  .4223, 0.0212, 1.3158, 0.09, 65.951, 0.0212,  .4323, 0.0212,  .7165, 0.09, 48.463, 0.0212,  .8139, 0.0212, 1.5500, 0.09, 45.338
2024-08-20T00:54:00, 1144,"20-aug-24","00:50",  6525,  6497,  6338,  6669,  6763,  6940,  6848,  3.8, 0.0212,  .3371, 0.0212, 2.7087, 0.08,121.194, 0.0212,  .3199, 0.0212, 1.9903, 0.08, 91.883, 0.0212,  .5764, 0.0212, 1.9299, 0.08, 81.087, 0.0212,  .4992, 0.0212,  .9135, 0.08, 73.749, 0.0212,  .4202, 0.0212, 1.3158, 0.08, 66.458, 0.0212,  .4308, 0.0212,  .7165, 0.08, 48.852, 0.0212,  .8112, 0.0212, 1.5501, 0.08, 45.694
2024-08-20T00:59:00, 1144,"20-aug-24","00:55",  7208,  6862,  6875,  7040,  7256,  7166,  7316,  3.8, 0.0212,  .3339, 0.0212, 2.7087, 0.09,122.192, 0.0212,  .3177, 0.0212, 1.9902, 0.09, 92.631, 0.0212,  .5727, 0.0212, 1.9298, 0.09, 81.765, 0.0212,  .4963, 0.0212,  .9137, 0.09, 74.361, 0.0212,  .4180, 0.0212, 1.3159, 0.09, 67.023, 0.0212,  .4291, 0.0212,  .7166, 0.09, 49.269, 0.0212,  .8081, 0.0212, 1.5502, 0.09, 46.089
2024-08-20T01:04:01, 1144,"20-aug-24","01:00",  7178,  7040,  6874,  7256,  7222,  7240,  7324,  3.8, 0.0212,  .3308, 0.0212, 2.7086, 0.09,123.186, 0.0212,  .3154, 0.0212, 1.9900, 0.09, 93.398, 0.0212,  .5689, 0.0212, 1.9297, 0.09, 82.442, 0.0212,  .4934, 0.0212,  .9137, 0.09, 74.992, 0.0212,  .4158, 0.0212, 1.3159, 0.09, 67.585, 0.0212,  .4274, 0.0212,  .7166, 0.09, 49.690, 0.0212,  .8050, 0.0212, 1.5503, 0.09, 46.484
2024-08-20T01:09:00, 1144,"20-aug-24","01:05",  6594,  6409,  6300,  6516,  6583,  6739,  6711,  3.8, 0.0212,  .3280, 0.0212, 2.7085, 0.09,124.098, 0.0212,  .3133, 0.0212, 1.9900, 0.09, 94.097, 0.0212,  .5655, 0.0212, 1.9297, 0.09, 83.062, 0.0212,  .4907, 0.0212,  .9138, 0.09, 75.558, 0.0212,  .4138, 0.0212, 1.3158, 0.09, 68.097, 0.0212,  .4258, 0.0212,  .7166, 0.09, 50.082, 0.0212,  .8022, 0.0212, 1.5503, 0.09, 46.846
2024-08-20T01:14:00, 1144,"20-aug-24","01:10",  6958,  6899,  6804,  7135,  7245,  7075,  7318,  3.8, 0.0212,  .3250, 0.0212, 2.7084, 0.09,125.062, 0.0212,  .3112, 0.0212, 1.9900, 0.09, 94.849, 0.0212,  .5619, 0.0212, 1.9296, 0.09, 83.732, 0.0212,  .4879, 0.0212,  .9139, 0.09, 76.178, 0.0212,  .4116, 0.0212, 1.3159, 0.09, 68.660, 0.0212,  .4242, 0.0212,  .7167, 0.09, 50.494, 0.0212,  .7992, 0.0212, 1.5504, 0.09, 47.241
2024-08-20T01:37:00, 1144,"20-aug-24","01:35",  9463,  9071,  8634,  8525,  8632,  8668,  8451,  3.8, 0.0212,  .9542, 0.0212, 2.6630, 0.09, 11.145, 0.0212,  .7394, 0.0212, 1.9749, 0.09,  8.137, 0.0212, 1.2267, 0.0212, 1.8967, 0.09,  7.019, 0.0212,  .9972, 0.0212,  .8983, 0.09,  6.255, 0.0212,  .7888, 0.0212, 1.3001, 0.09,  5.585, 0.0212,  .6868, 0.0212,  .7022, 0.09,  3.986, 0.0212, 1.2745, 0.0212, 1.5238, 0.09,  3.689
2024-08-20T01:44:01, 1144,"20-aug-24","01:40",  8713,  8190,  7811,  7717,  7665,  7642,  7496,  3.8, 0.0212,  .9431, 0.0212, 2.6633, 0.09, 12.349, 0.0212,  .7331, 0.0212, 1.9751, 0.09,  9.027, 0.0212, 1.2176, 0.0212, 1.8970, 0.09,  7.787, 0.0212,  .9910, 0.0212,  .8986, 0.09,  6.924, 0.0212,  .7844, 0.0212, 1.3004, 0.09,  6.180, 0.0212,  .6841, 0.0212,  .7024, 0.09,  4.430, 0.0212, 1.2700, 0.0212, 1.5244, 0.09,  4.093
2024-08-20T01:49:00, 1144,"20-aug-24","01:45",  8500,  8142,  7778,  7713,  7806,  7570,  7636,  3.8, 0.0212,  .9325, 0.0212, 2.6636, 0.09, 13.524, 0.0212,  .7269, 0.0212, 1.9753, 0.09,  9.914, 0.0212, 1.2086, 0.0212, 1.8972, 0.09,  8.552, 0.0212,  .9852, 0.0212,  .8992, 0.09,  7.594, 0.0212,  .7800, 0.0212, 1.3009, 0.09,  6.787, 0.0212,  .6815, 0.0212,  .7027, 0.09,  4.870, 0.0212, 1.2655, 0.0212, 1.5252, 0.09,  4.504
2024-08-20T01:54:00, 1144,"20-aug-24","01:50",  9076,  8854,  8438,  8378,  8478,  8280,  8300,  3.8, 0.0212,  .9216, 0.0212, 2.6640, 0.08, 14.733, 0.0212,  .7205, 0.0212, 1.9757, 0.08, 10.843, 0.0212, 1.1994, 0.0212, 1.8975, 0.08,  9.352, 0.0212,  .9791, 0.0212,  .8997, 0.08,  8.295, 0.0212,  .7755, 0.0212, 1.3014, 0.08,  7.422, 0.0212,  .6788, 0.0212,  .7031, 0.08,  5.334, 0.0212, 1.2609, 0.0212, 1.5261, 0.08,  4.936
2024-08-20T01:59:00, 1144,"20-aug-24","01:55",  8826,  8514,  8190,  8300,  8290,  8296,  8135,  3.8, 0.0212,  .9108, 0.0212, 2.6643, 0.09, 15.955, 0.0212,  .7141, 0.0212, 1.9759, 0.09, 11.771, 0.0212, 1.1900, 0.0212, 1.8977, 0.09, 10.158, 0.0212,  .9729, 0.0212,  .9004, 0.09,  9.016, 0.0212,  .7709, 0.0212, 1.3018, 0.09,  8.067, 0.0212,  .6760, 0.0212,  .7034, 0.09,  5.816, 0.0212, 1.2561, 0.0212, 1.5269, 0.09,  5.375
2024-08-20T02:04:01, 1144,"20-aug-24","02:00",  7765,  7499,  7202,  7185,  7220,  7036,  7220,  3.8, 0.0212,  .9014, 0.0212, 2.6645, 0.09, 17.030, 0.0212,  .7086, 0.0212, 1.9762, 0.09, 12.588, 0.0212, 1.1818, 0.0212, 1.8978, 0.09, 10.867, 0.0212,  .9675, 0.0212,  .9009, 0.09,  9.641, 0.0212,  .7670, 0.0212, 1.3023, 0.09,  8.629, 0.0212,  .6736, 0.0212,  .7038, 0.09,  6.226, 0.0212, 1.2520, 0.0212, 1.5277, 0.09,  5.764
2024-08-20T02:09:00, 1144,"20-aug-24","02:05",  7646,  7394,  7072,  7227,  7283,  7116,  7052,  3.8, 0.0212,  .8921, 0.0212, 2.6647, 0.09, 18.090, 0.0212,  .7031, 0.0212, 1.9764, 0.09, 13.395, 0.0212, 1.1739, 0.0212, 1.8980, 0.09, 11.564, 0.0212,  .9622, 0.0212,  .9015, 0.09, 10.269, 0.0212,  .7630, 0.0212, 1.3026, 0.09,  9.196, 0.0212,  .6712, 0.0212,  .7041, 0.09,  6.640, 0.0212, 1.2478, 0.0212, 1.5284, 0.09,  6.145
2024-08-20T02:14:00, 1144,"20-aug-24","02:10",  7504,  7280,  6984,  6977,  6994,  6925,  6975,  3.8, 0.0212,  .8836, 0.0212, 2.6650, 0.08, 19.091, 0.0212,  .6980, 0.0212, 1.9765, 0.08, 14.159, 0.0212, 1.1664, 0.0212, 1.8981, 0.08, 12.227, 0.0212,  .9572, 0.0212,  .9019, 0.08, 10.853, 0.0212,  .7593, 0.0212, 1.3029, 0.08,  9.720, 0.0212,  .6689, 0.0212,  .7043, 0.08,  7.028, 0.0212, 1.2439, 0.0212, 1.5290, 0.08,  6.508
2024-08-20T02:19:00, 1144,"20-aug-24","02:15",  5926,  5585,  5489,  5476,  5494,  5501,  5371,  3.8, 0.0212,  .8765, 0.0212, 2.6651, 0.09, 19.912, 0.0212,  .6940, 0.0212, 1.9769, 0.09, 14.769, 0.0212, 1.1603, 0.0212, 1.8984, 0.09, 12.768, 0.0212,  .9532, 0.0212,  .9023, 0.09, 11.330, 0.0212,  .7563, 0.0212, 1.3033, 0.09, 10.148, 0.0212,  .6671, 0.0212,  .7046, 0.09,  7.348, 0.0212, 1.2408, 0.0212, 1.5295, 0.09,  6.798
2024-08-20T02:24:01, 1144,"20-aug-24","02:20",  6016,  5697,  5479,  5519,  5661,  5470,  5484,  3.8, 0.0212,  .8695, 0.0212, 2.6653, 0.09, 20.745, 0.0212,  .6898, 0.0212, 1.9769, 0.09, 15.390, 0.0212, 1.1542, 0.0212, 1.8984, 0.09, 13.308, 0.0212,  .9491, 0.0212,  .9027, 0.09, 11.810, 0.0212,  .7532, 0.0212, 1.3035, 0.09, 10.589, 0.0212,  .6652, 0.0212,  .7048, 0.09,  7.667, 0.0212, 1.2376, 0.0212, 1.5300, 0.09,  7.094
2024-08-20T02:29:00, 1144,"20-aug-24","02:25",  5702,  5516,  5339,  5382,  5392,  5170,  5186,  3.8, 0.0212,  .8629, 0.0212, 2.6654, 0.09, 21.534, 0.0212,  .6859, 0.0212, 1.9771, 0.09, 15.991, 0.0212, 1.1483, 0.0212, 1.8985, 0.09, 13.834, 0.0212,  .9451, 0.0212,  .9030, 0.09, 12.278, 0.0212,  .7503, 0.0212, 1.3038, 0.09, 11.008, 0.0212,  .6634, 0.0212,  .7049, 0.09,  7.968, 0.0212, 1.2345, 0.0212, 1.5304, 0.09,  7.374
2024-08-20T02:34:00, 1144,"20-aug-24","02:30",  5800,  5655,  5343,  5397,  5487,  5371,  5471,  3.8, 0.0212,  .8562, 0.0212, 2.6656, 0.09, 22.338, 0.0212,  .6819, 0.0212, 1.9772, 0.09, 16.608, 0.0212, 1.1425, 0.0212, 1.8986, 0.09, 14.360, 0.0212,  .9410, 0.0212,  .9032, 0.09, 12.747, 0.0212,  .7473, 0.0212, 1.3040, 0.09, 11.435, 0.0212,  .6616, 0.0212,  .7051, 0.09,  8.280, 0.0212, 1.2312, 0.0212, 1.5308, 0.09,  7.670
2024-08-20T02:39:00, 1144,"20-aug-24","02:35",  5369,  5142,  5012,  5163,  5065,  4998,  4916,  3.8, 0.0212,  .8501, 0.0212, 2.6657, 0.09, 23.081, 0.0212,  .6782, 0.0212, 1.9774, 0.09, 17.168, 0.0212, 1.1370, 0.0212, 1.8987, 0.09, 14.854, 0.0212,  .9371, 0.0212,  .9035, 0.09, 13.196, 0.0212,  .7446, 0.0212, 1.3042, 0.09, 11.830, 0.0212,  .6599, 0.0212,  .7053, 0.09,  8.571, 0.0212, 1.2283, 0.0212, 1.5311, 0.09,  7.935
2024-08-20T02:44:00, 1144,"20-aug-24","02:40",  4209,  3994,  3863,  3854,  3954,  3721,  3799,  3.8, 0.0212,  .8453, 0.0212, 2.6658, 0.09, 23.664, 0.0212,  .6754, 0.0212, 1.9775, 0.09, 17.604, 0.0212, 1.1328, 0.0212, 1.8987, 0.09, 15.235, 0.0212,  .9343, 0.0212,  .9037, 0.09, 13.531, 0.0212,  .7425, 0.0212, 1.3044, 0.09, 12.137, 0.0212,  .6586, 0.0212,  .7054, 0.09,  8.788, 0.0212, 1.2261, 0.0212, 1.5315, 0.09,  8.140
2024-08-20T02:49:00, 1144,"20-aug-24","02:45",  4390,  4131,  4010,  4066,  4101,  3965,  3940,  3.9, 0.0212,  .8326, 0.0212, 2.6659,  .23, 25.221, 0.0212,  .6679, 0.0212, 1.9775,  .23, 18.757, 0.0212, 1.1216, 0.0212, 1.8988,  .23, 16.246, 0.0212,  .9262, 0.0212,  .9038,  .23, 14.436, 0.0212,  .7367, 0.0212, 1.3045,  .23, 12.954, 0.0212,  .6549, 0.0212,  .7055,  .23,  9.379, 0.0212, 1.2197, 0.0212, 1.5317,  .23,  8.685
2024-08-20T02:54:00, 1144,"20-aug-24","02:50",  5550,  5342,  5172,  5270,  5280,  5030,  5093,  3.9, 0.0212,  .8186, 0.0212, 2.6660,  .20, 26.960, 0.0212,  .6594, 0.0212, 1.9775,  .20, 20.075, 0.0212, 1.1090, 0.0212, 1.8988,  .20, 17.399, 0.0212,  .9170, 0.0212,  .9039,  .20, 15.473, 0.0212,  .7301, 0.0212, 1.3047,  .20, 13.884, 0.0212,  .6508, 0.0212,  .7056,  .20, 10.041, 0.0212, 1.2124, 0.0212, 1.5319,  .20,  9.307
2024-08-20T02:59:00, 1144,"20-aug-24","02:55",  5095,  4875,  4712,  4843,  4866,  4856,  4788,  3.8, 0.0212,  .8130, 0.0212, 2.6661, 0.09, 27.665, 0.0212,  .6561, 0.0212, 1.9778, 0.09, 20.606, 0.0212, 1.1040, 0.0212, 1.8989, 0.09, 17.863, 0.0212,  .9134, 0.0212,  .9041, 0.09, 15.894, 0.0212,  .7275, 0.0212, 1.3048, 0.09, 14.263, 0.0212,  .6492, 0.0212,  .7057, 0.09, 10.323, 0.0212, 1.2095, 0.0212, 1.5321, 0.09,  9.565
2024-08-20T03:04:00, 1144,"20-aug-24","03:00",  5402,  5141,  5033,  5075,  5109,  4882,  4935,  3.8, 0.0212,  .8054, 0.0212, 2.6662,  .11, 28.635, 0.0212,  .6516, 0.0212, 1.9778,  .11, 21.333, 0.0212, 1.0972, 0.0212, 1.8990,  .11, 18.506, 0.0212,  .9085, 0.0212,  .9043,  .11, 16.466, 0.0212,  .7240, 0.0212, 1.3049,  .11, 14.778, 0.0212,  .6470, 0.0212,  .7058,  .11, 10.692, 0.0212, 1.2056, 0.0212, 1.5323,  .11,  9.911
2024-08-20T03:09:00, 1144,"20-aug-24","03:05",  5423,  5201,  5021,  5226,  5239,  4876,  5042,  3.8, 0.0212,  .7996, 0.0212, 2.6663, 0.09, 29.386, 0.0212,  .6480, 0.0212, 1.9779, 0.09, 21.900, 0.0212, 1.0919, 0.0212, 1.8991, 0.09, 19.000, 0.0212,  .9047, 0.0212,  .9045, 0.09, 16.920, 0.0212,  .7212, 0.0212, 1.3051, 0.09, 15.186, 0.0212,  .6452, 0.0212,  .7058, 0.09, 10.975, 0.0212, 1.2026, 0.0212, 1.5326, 0.09, 10.183
2024-08-20T03:14:00, 1144,"20-aug-24","03:10",  5153,  5009,  4855,  4874,  4893,  4960,  4853,  3.8, 0.0212,  .7943, 0.0212, 2.6664, 0.08, 30.073, 0.0212,  .6448, 0.0212, 1.9780, 0.08, 22.426, 0.0212, 1.0870, 0.0212, 1.8992, 0.08, 19.461, 0.0212,  .9012, 0.0212,  .9046, 0.08, 17.328, 0.0212,  .7187, 0.0212, 1.3052, 0.08, 15.553, 0.0212,  .6436, 0.0212,  .7060, 0.08, 11.253, 0.0212, 1.1998, 0.0212, 1.5328, 0.08, 10.435
2024-08-20T03:19:00, 1144,"20-aug-24","03:15",  4671,  4410,  4393,  4487,  4421,  4262,  4369,  3.8, 0.0212,  .7886, 0.0212, 2.6664,  .10, 30.816, 0.0212,  .6413, 0.0212, 1.9780,  .10, 22.978, 0.0212, 1.0818, 0.0212, 1.8993,  .10, 19.958, 0.0212,  .8975, 0.0212,  .9048,  .10, 17.776, 0.0212,  .7160, 0.0212, 1.3053,  .10, 15.948, 0.0212,  .6419, 0.0212,  .7061,  .10, 11.538, 0.0212, 1.1968, 0.0212, 1.5331,  .10, 10.706
2024-08-20T03:24:00, 1144,"20-aug-24","03:20",  4475,  4246,  4068,  4117,  4161,  3866,  3948,  3.8, 0.0212,  .7798, 0.0212, 2.6664,  .16, 31.965, 0.0212,  .6361, 0.0212, 1.9781,  .16, 23.836, 0.0212, 1.0739, 0.0212, 1.8992,  .16, 20.701, 0.0212,  .8918, 0.0212,  .9049,  .16, 18.440, 0.0212,  .7119, 0.0212, 1.3054,  .16, 16.548, 0.0212,  .6394, 0.0212,  .7061,  .16, 11.955, 0.0212, 1.1923, 0.0212, 1.5333,  .16, 11.101
2024-08-20T03:29:00, 1144,"20-aug-24","03:25",  8878,  7405,  6837,  6807,  6742,  6145,  6068,  3.9, 0.0212,  .7586, 0.0212, 2.6664,  .20, 34.792, 0.0212,  .6247, 0.0212, 1.9780,  .20, 25.693, 0.0212, 1.0578, 0.0212, 1.8993,  .20, 22.250, 0.0212,  .8801, 0.0212,  .9051,  .20, 19.801, 0.0212,  .7036, 0.0212, 1.3055,  .20, 17.755, 0.0212,  .6344, 0.0212,  .7062,  .20, 12.778, 0.0212, 1.1836, 0.0212, 1.5334,  .20, 11.855
2024-08-20T03:34:00, 1144,"20-aug-24","03:30",  7540,  6893,  6630,  6820,  6655,  6292,  6488,  3.8, 0.0212,  .7513, 0.0212, 2.6664, 0.08, 35.797, 0.0212,  .6204, 0.0212, 1.9780, 0.08, 26.416, 0.0212, 1.0512, 0.0212, 1.8992, 0.08, 22.878, 0.0212,  .8754, 0.0212,  .9053, 0.08, 20.372, 0.0212,  .7003, 0.0212, 1.3056, 0.08, 18.254, 0.0212,  .6323, 0.0212,  .7063, 0.08, 13.130, 0.0212, 1.1799, 0.0212, 1.5336, 0.08, 12.192
2024-08-20T03:39:00, 1144,"20-aug-24","03:35",  7083,  6510,  6219,  6229,  6327,  6036,  5984,  3.8, 0.0212,  .7441, 0.0212, 2.6664, 0.09, 36.778, 0.0212,  .6161, 0.0212, 1.9780, 0.09, 27.126, 0.0212, 1.0449, 0.0212, 1.8992, 0.09, 23.491, 0.0212,  .8710, 0.0212,  .9054, 0.09, 20.913, 0.0212,  .6970, 0.0212, 1.3057, 0.09, 18.746, 0.0212,  .6302, 0.0212,  .7064, 0.09, 13.482, 0.0212, 1.1763, 0.0212, 1.5338, 0.09, 12.515
2024-08-20T03:44:00, 1144,"20-aug-24","03:40",  5370,  5211,  4978,  5146,  5151,  4769,  4892,  3.8, 0.0212,  .7388, 0.0212, 2.6664, 0.09, 37.522, 0.0212,  .6128, 0.0212, 1.9780, 0.09, 27.695, 0.0212, 1.0399, 0.0212, 1.8992, 0.09, 23.982, 0.0212,  .8674, 0.0212,  .9056, 0.09, 21.361, 0.0212,  .6943, 0.0212, 1.3057, 0.09, 19.147, 0.0212,  .6286, 0.0212,  .7064, 0.09, 13.759, 0.0212, 1.1734, 0.0212, 1.5340, 0.09, 12.779
2024-08-20T03:49:00, 1144,"20-aug-24","03:45",  5405,  5310,  5230,  5339,  5385,  5281,  5419,  3.8, 0.0212,  .7334, 0.0212, 2.6664, 0.09, 38.270, 0.0212,  .6093, 0.0212, 1.9780, 0.09, 28.273, 0.0212, 1.0347, 0.0212, 1.8991, 0.09, 24.497, 0.0212,  .8636, 0.0212,  .9057, 0.09, 21.825, 0.0212,  .6916, 0.0212, 1.3058, 0.09, 19.566, 0.0212,  .6268, 0.0212,  .7065, 0.09, 14.067, 0.0212, 1.1702, 0.0212, 1.5342, 0.09, 13.072
2024-08-20T03:54:00, 1144,"20-aug-24","03:50",  4383,  4310,  4207,  4324,  4338,  4137,  4200,  3.8, 0.0212,  .7291, 0.0212, 2.6664, 0.09, 38.878, 0.0212,  .6066, 0.0212, 1.9781, 0.09, 28.743, 0.0212, 1.0305, 0.0212, 1.8991, 0.09, 24.912, 0.0212,  .8606, 0.0212,  .9059, 0.09, 22.201, 0.0212,  .6894, 0.0212, 1.3059, 0.09, 19.904, 0.0212,  .6254, 0.0212,  .7066, 0.09, 14.307, 0.0212, 1.1677, 0.0212, 1.5343, 0.09, 13.299
2024-08-20T03:59:00, 1144,"20-aug-24","03:55",  4303,  4254,  4112,  4261,  4230,  4126,  4123,  3.9, 0.0212,  .7207, 0.0212, 2.6664,  .18, 40.071, 0.0212,  .6012, 0.0212, 1.9781,  .18, 29.673, 0.0212, 1.0223, 0.0212, 1.8991,  .18, 25.723, 0.0212,  .8545, 0.0212,  .9061,  .18, 22.943, 0.0212,  .6850, 0.0212, 1.3060,  .18, 20.564, 0.0212,  .6226, 0.0212,  .7066,  .18, 14.788, 0.0212, 1.1627, 0.0212, 1.5345,  .18, 13.745
2024-08-20T04:04:00, 1144,"20-aug-24","04:00",  4245,  4146,  4080,  4182,  4232,  4021,  4103,  3.8, 0.0212,  .7119, 0.0212, 2.6663,  .19, 41.336, 0.0212,  .5956, 0.0212, 1.9781,  .19, 30.645, 0.0212, 1.0137, 0.0212, 1.8991,  .19, 26.588, 0.0212,  .8481, 0.0212,  .9062,  .19, 23.726, 0.0212,  .6804, 0.0212, 1.3061,  .19, 21.272, 0.0212,  .6196, 0.0212,  .7067,  .19, 15.292, 0.0212, 1.1574, 0.0212, 1.5346,  .19, 14.221
2024-08-20T04:09:00, 1144,"20-aug-24","04:05",  4344,  4262,  4211,  4332,  4367,  4223,  4255,  3.9, 0.0212,  .7024, 0.0212, 2.6663,  .20, 42.719, 0.0212,  .5895, 0.0212, 1.9780,  .20, 31.714, 0.0212, 1.0042, 0.0212, 1.8990,  .20, 27.542, 0.0212,  .8412, 0.0212,  .9064,  .20, 24.592, 0.0212,  .6752, 0.0212, 1.3061,  .20, 22.054, 0.0212,  .6163, 0.0212,  .7067,  .20, 15.857, 0.0212, 1.1515, 0.0212, 1.5347,  .20, 14.749
2024-08-20T04:14:00, 1144,"20-aug-24","04:10",  3441,  3455,  3427,  3504,  3534,  3483,  3549,  3.8, 0.0212,  .6955, 0.0212, 2.6663,  .19, 43.744, 0.0212,  .5849, 0.0212, 1.9780,  .19, 32.524, 0.0212,  .9971, 0.0212, 1.8990,  .19, 28.268, 0.0212,  .8359, 0.0212,  .9065,  .19, 25.247, 0.0212,  .6714, 0.0212, 1.3061,  .19, 22.645, 0.0212,  .6137, 0.0212,  .7068,  .19, 16.293, 0.0212, 1.1469, 0.0212, 1.5349,  .19, 15.161
2024-08-20T04:19:00, 1144,"20-aug-24","04:15",  3720,  3766,  3718,  3861,  3913,  3808,  3842,  3.9, 0.0212,  .6846, 0.0212, 2.6661,  .28, 45.368, 0.0212,  .5776, 0.0212, 1.9779,  .28, 33.818, 0.0212,  .9858, 0.0212, 1.8989,  .28, 29.423, 0.0212,  .8274, 0.0212,  .9066,  .28, 26.305, 0.0212,  .6652, 0.0212, 1.3061,  .28, 23.606, 0.0212,  .6096, 0.0212,  .7068,  .28, 16.991, 0.0212, 1.1397, 0.0212, 1.5350,  .28, 15.815
2024-08-20T04:24:00, 1144,"20-aug-24","04:20",  3819,  3894,  3855,  4001,  4036,  3985,  4040,  3.8, 0.0212,  .6751, 0.0212, 2.6660,  .24, 46.800, 0.0212,  .5712, 0.0212, 1.9778,  .24, 34.967, 0.0212,  .9759, 0.0212, 1.8988,  .24, 30.450, 0.0212,  .8200, 0.0212,  .9067,  .24, 27.247, 0.0212,  .6597, 0.0212, 1.3062,  .24, 24.456, 0.0212,  .6060, 0.0212,  .7068,  .24, 17.619, 0.0212, 1.1331, 0.0212, 1.5351,  .24, 16.406
2024-08-20T04:29:00, 1144,"20-aug-24","04:25",  3320,  3330,  3275,  3448,  3514,  3334,  3424,  3.8, 0.0212,  .6674, 0.0212, 2.6660,  .23, 47.976, 0.0212,  .5661, 0.0212, 1.9777,  .23, 35.896, 0.0212,  .9680, 0.0212, 1.8988,  .23, 31.276, 0.0212,  .8140, 0.0212,  .9068,  .23, 28.014, 0.0212,  .6553, 0.0212, 1.3062,  .23, 25.156, 0.0212,  .6031, 0.0212,  .7068,  .23, 18.115, 0.0212, 1.1279, 0.0212, 1.5351,  .23, 16.879
2024-08-20T04:34:00, 1144,"20-aug-24","04:30",  3287,  3324,  3311,  3422,  3451,  3408,  3434,  3.8, 0.0212,  .6579, 0.0212, 2.6659,  .29, 49.461, 0.0212,  .5597, 0.0212, 1.9777,  .29, 37.079, 0.0212,  .9580, 0.0212, 1.8988,  .29, 32.340, 0.0212,  .8064, 0.0212,  .9068,  .29, 28.985, 0.0212,  .6498, 0.0212, 1.3062,  .29, 26.032, 0.0212,  .5993, 0.0212,  .7068,  .29, 18.763, 0.0212, 1.1213, 0.0212, 1.5352,  .29, 17.484
2024-08-20T04:39:00, 1144,"20-aug-24","04:35",  2273,  2292,  2273,  2404,  2417,  2365,  2381,  3.9, 0.0212,  .6510, 0.0212, 2.6658,  .31, 50.547, 0.0212,  .5550, 0.0212, 1.9776,  .31, 37.941, 0.0212,  .9507, 0.0212, 1.8986,  .31, 33.113, 0.0212,  .8008, 0.0212,  .9069,  .31, 29.706, 0.0212,  .6457, 0.0212, 1.3062,  .31, 26.681, 0.0212,  .5966, 0.0212,  .7069,  .31, 19.238, 0.0212, 1.1165, 0.0212, 1.5352,  .31, 17.927
2024-08-20T04:44:00, 1144,"20-aug-24","04:40",  1630,  1642,  1638,  1676,  1719,  1651,  1683,  3.8, 0.0212,  .6441, 0.0212, 2.6658,  .43, 51.644, 0.0212,  .5504, 0.0212, 1.9775,  .43, 38.811, 0.0212,  .9434, 0.0212, 1.8986,  .43, 33.897, 0.0212,  .7953, 0.0212,  .9070,  .43, 30.414, 0.0212,  .6417, 0.0212, 1.3062,  .43, 27.331, 0.0212,  .5939, 0.0212,  .7069,  .43, 19.704, 0.0212, 1.1117, 0.0212, 1.5353,  .43, 18.369
2024-08-20T04:49:00, 1144,"20-aug-24","04:45",  1550,  1574,  1549,  1626,  1648,  1585,  1617,  3.8, 0.0212,  .6363, 0.0212, 2.6658,  .52, 52.901, 0.0212,  .5451, 0.0212, 1.9775,  .52, 39.816, 0.0212,  .9352, 0.0212, 1.8985,  .52, 34.791, 0.0212,  .7891, 0.0212,  .9071,  .52, 31.242, 0.0212,  .6370, 0.0212, 1.3062,  .52, 28.082, 0.0212,  .5909, 0.0212,  .7069,  .52, 20.245, 0.0212, 1.1062, 0.0212, 1.5354,  .52, 18.880
2024-08-20T04:54:00, 1144,"20-aug-24","04:50",  1449,  1459,  1451,  1512,  1514,  1491,  1494,  3.8, 0.0212,  .6292, 0.0212, 2.6657,  .52, 54.068, 0.0212,  .5403, 0.0212, 1.9775,  .52, 40.741, 0.0212,  .9276, 0.0212, 1.8984,  .52, 35.622, 0.0212,  .7833, 0.0212,  .9073,  .52, 32.006, 0.0212,  .6328, 0.0212, 1.3062,  .52, 28.768, 0.0212,  .5881, 0.0212,  .7070,  .52, 20.749, 0.0212, 1.1012, 0.0212, 1.5355,  .52, 19.349
2024-08-20T04:59:00, 1144,"20-aug-24","04:55",  1749,  1781,  1760,  1846,  1876,  1824,  1842,  3.8, 0.0212,  .6204, 0.0212, 2.6655,  .54, 55.521, 0.0212,  .5342, 0.0212, 1.9773,  .54, 41.906, 0.0212,  .9182, 0.0212, 1.8983,  .54, 36.662, 0.0212,  .7761, 0.0212,  .9073,  .54, 32.969, 0.0212,  .6275, 0.0212, 1.3062,  .54, 29.644, 0.0212,  .5845, 0.0212,  .7070,  .54, 21.386, 0.0212, 1.0948, 0.0212, 1.5355,  .54, 19.946
2024-08-20T05:04:00, 1144,"20-aug-24","05:00",  1762,  1818,  1824,  1890,  1926,  1860,  1913,  3.8, 0.0212,  .6123, 0.0212, 2.6655,  .50, 56.876, 0.0212,  .5286, 0.0212, 1.9773,  .50, 43.007, 0.0212,  .9092, 0.0212, 1.8982,  .50, 37.660, 0.0212,  .7693, 0.0212,  .9074,  .50, 33.882, 0.0212,  .6225, 0.0212, 1.3062,  .50, 30.476, 0.0212,  .5811, 0.0212,  .7070,  .50, 21.987, 0.0212, 1.0887, 0.0212, 1.5356,  .50, 20.519
2024-08-20T05:09:00, 1144,"20-aug-24","05:05",  1664,  1689,  1679,  1752,  1801,  1750,  1768,  3.8, 0.0212,  .6048, 0.0212, 2.6654,  .50, 58.155, 0.0212,  .5234, 0.0212, 1.9772,  .50, 44.029, 0.0212,  .9011, 0.0212, 1.8982,  .50, 38.578, 0.0212,  .7631, 0.0212,  .9075,  .50, 34.728, 0.0212,  .6178, 0.0212, 1.3062,  .50, 31.254, 0.0212,  .5780, 0.0212,  .7070,  .50, 22.553, 0.0212, 1.0831, 0.0212, 1.5357,  .50, 21.049
2024-08-20T05:14:00, 1144,"20-aug-24","05:10",  1726,  1752,  1750,  1852,  1883,  1862,  1865,  3.8, 0.0212,  .5969, 0.0212, 2.6654,  .51, 59.518, 0.0212,  .5179, 0.0212, 1.9771,  .51, 45.118, 0.0212,  .8925, 0.0212, 1.8981,  .51, 39.561, 0.0212,  .7563, 0.0212,  .9075,  .51, 35.646, 0.0212,  .6128, 0.0212, 1.3062,  .51, 32.090, 0.0212,  .5745, 0.0212,  .7070,  .51, 23.170, 0.0212, 1.0770, 0.0212, 1.5357,  .51, 21.623
2024-08-20T05:19:00, 1144,"20-aug-24","05:15",  1773,  1883,  1904,  2000,  2025,  1990,  2017,  3.8, 0.0212,  .5891, 0.0212, 2.6654,  .49, 60.871, 0.0212,  .5123, 0.0212, 1.9770,  .49, 46.251, 0.0212,  .8834, 0.0212, 1.8980,  .49, 40.596, 0.0212,  .7494, 0.0212,  .9076,  .49, 36.605, 0.0212,  .6077, 0.0212, 1.3062,  .49, 32.959, 0.0212,  .5710, 0.0212,  .7070,  .49, 23.809, 0.0212, 1.0707, 0.0212, 1.5357,  .49, 22.223
2024-08-20T05:24:00, 1144,"20-aug-24","05:20",  1586,  1655,  1667,  1760,  1789,  1765,  1790,  3.8, 0.0212,  .5824, 0.0212, 2.6654,  .48, 62.058, 0.0212,  .5076, 0.0212, 1.9771,  .48, 47.225, 0.0212,  .8758, 0.0212, 1.8979,  .48, 41.483, 0.0212,  .7434, 0.0212,  .9077,  .48, 37.431, 0.0212,  .6033, 0.0212, 1.3062,  .48, 33.711, 0.0212,  .5680, 0.0212,  .7070,  .48, 24.364, 0.0212, 1.0653, 0.0212, 1.5357,  .48, 22.745
2024-08-20T05:29:00, 1144,"20-aug-24","05:25",  1420,  1464,  1454,  1510,  1541,  1497,  1510,  3.8, 0.0212,  .5762, 0.0212, 2.6655,  .51, 63.179, 0.0212,  .5032, 0.0212, 1.9771,  .51, 48.135, 0.0212,  .8688, 0.0212, 1.8979,  .51, 42.299, 0.0212,  .7381, 0.0212,  .9077,  .51, 38.180, 0.0212,  .5994, 0.0212, 1.3062,  .51, 34.395, 0.0212,  .5653, 0.0212,  .7071,  .51, 24.860, 0.0212, 1.0605, 0.0212, 1.5358,  .51, 23.210
2024-08-20T05:34:00, 1144,"20-aug-24","05:30",  1377,  1392,  1397,  1473,  1486,  1436,  1456,  3.8, 0.0212,  .5699, 0.0212, 2.6655,  .53, 64.315, 0.0212,  .4988, 0.0212, 1.9771,  .53, 49.040, 0.0212,  .8619, 0.0212, 1.8979,  .53, 43.119, 0.0212,  .7327, 0.0212,  .9078,  .53, 38.943, 0.0212,  .5954, 0.0212, 1.3062,  .53, 35.084, 0.0212,  .5626, 0.0212,  .7071,  .53, 25.358, 0.0212, 1.0557, 0.0212, 1.5358,  .53, 23.678
2024-08-20T05:39:00, 1144,"20-aug-24","05:35",  1380,  1430,  1406,  1488,  1527,  1463,  1499,  3.8, 0.0212,  .5635, 0.0212, 2.6655,  .55, 65.489, 0.0212,  .4943, 0.0212, 1.9771,  .55, 49.997, 0.0212,  .8547, 0.0212, 1.8977,  .55, 43.970, 0.0212,  .7271, 0.0212,  .9079,  .55, 39.738, 0.0212,  .5912, 0.0212, 1.3063,  .55, 35.813, 0.0212,  .5598, 0.0212,  .7071,  .55, 25.881, 0.0212, 1.0506, 0.0212, 1.5359,  .55, 24.175
2024-08-20T05:44:00, 1144,"20-aug-24","05:40",  1479,  1540,  1565,  1610,  1628,  1593,  1601,  3.8, 0.0212,  .5568, 0.0212, 2.6656,  .55, 66.740, 0.0212,  .4894, 0.0212, 1.9770,  .55, 51.021, 0.0212,  .8469, 0.0212, 1.8978,  .55, 44.911, 0.0212,  .7211, 0.0212,  .9079,  .55, 40.592, 0.0212,  .5868, 0.0212, 1.3062,  .55, 36.587, 0.0212,  .5568, 0.0212,  .7071,  .55, 26.447, 0.0212, 1.0452, 0.0212, 1.5360,  .55, 24.703
2024-08-20T05:49:00, 1144,"20-aug-24","05:45",  2445,  2611,  2608,  2760,  2832,  2791,  2851,  3.8, 0.0212,  .5461, 0.0212, 2.6656,  .53, 68.757, 0.0212,  .4816, 0.0212, 1.9771,  .53, 52.717, 0.0212,  .8343, 0.0212, 1.8977,  .53, 46.442, 0.0212,  .7112, 0.0212,  .9079,  .53, 42.021, 0.0212,  .5794, 0.0212, 1.3062,  .53, 37.899, 0.0212,  .5516, 0.0212,  .7071,  .53, 27.415, 0.0212, 1.0359, 0.0212, 1.5360,  .53, 25.620
2024-08-20T05:54:00, 1144,"20-aug-24","05:50",  2494,  2691,  2727,  2894,  2930,  2952,  2984,  3.8, 0.0212,  .5384, 0.0212, 2.6656,  .38, 70.226, 0.0212,  .4759, 0.0212, 1.9771,  .38, 53.966, 0.0212,  .8251, 0.0212, 1.8976,  .38, 47.585, 0.0212,  .7038, 0.0212,  .9078,  .38, 43.092, 0.0212,  .5740, 0.0212, 1.3062,  .38, 38.869, 0.0212,  .5477, 0.0212,  .7071,  .38, 28.146, 0.0212, 1.0289, 0.0212, 1.5359,  .38, 26.305
2024-08-20T05:59:00, 1144,"20-aug-24","05:55",  2713,  2967,  2997,  3187,  3257,  3213,  3271,  3.8, 0.0212,  .5304, 0.0212, 2.6655,  .37, 71.784, 0.0212,  .4698, 0.0212, 1.9770,  .37, 55.306, 0.0212,  .8153, 0.0212, 1.8976,  .37, 48.808, 0.0212,  .6960, 0.0212,  .9078,  .37, 44.240, 0.0212,  .5682, 0.0212, 1.3061,  .37, 39.920, 0.0212,  .5436, 0.0212,  .7070,  .37, 28.921, 0.0212, 1.0215, 0.0212, 1.5358,  .37, 27.037
2024-08-20T06:04:00, 1144,"20-aug-24","06:00",  2420,  2576,  2599,  2758,  2800,  2795,  2883,  3.8, 0.0212,  .5242, 0.0212, 2.6656,  .33, 73.024, 0.0212,  .4651, 0.0212, 1.9770,  .33, 56.346, 0.0212,  .8077, 0.0212, 1.8975,  .33, 49.756, 0.0212,  .6900, 0.0212,  .9077,  .33, 45.128, 0.0212,  .5638, 0.0212, 1.3061,  .33, 40.727, 0.0212,  .5404, 0.0212,  .7070,  .33, 29.523, 0.0212, 1.0157, 0.0212, 1.5357,  .33, 27.613
2024-08-20T06:09:01, 1144,"20-aug-24","06:05",  2616,  2794,  2818,  2962,  3053,  3062,  3073,  3.8, 0.0212,  .5165, 0.0212, 2.6656,  .38, 74.567, 0.0212,  .4594, 0.0212, 1.9770,  .38, 57.643, 0.0212,  .7985, 0.0212, 1.8974,  .38, 50.938, 0.0212,  .6827, 0.0212,  .9077,  .38, 46.225, 0.0212,  .5583, 0.0212, 1.3060,  .38, 41.738, 0.0212,  .5365, 0.0212,  .7070,  .38, 30.281, 0.0212, 1.0086, 0.0212, 1.5357,  .38, 28.320
2024-08-20T06:14:00, 1144,"20-aug-24","06:10",  3183,  3477,  3558,  3753,  3837,  3798,  3946,  3.8, 0.0212,  .5078, 0.0212, 2.6653,  .36, 76.331, 0.0212,  .4528, 0.0212, 1.9768,  .36, 59.161, 0.0212,  .7876, 0.0212, 1.8974,  .36, 52.341, 0.0212,  .6743, 0.0212,  .9081,  .36, 47.531, 0.0212,  .5520, 0.0212, 1.3061,  .36, 42.934, 0.0212,  .5320, 0.0212,  .7071,  .36, 31.166, 0.0212, 1.0004, 0.0212, 1.5358,  .36, 29.172
