2024-07-15T00:00:00.00000, 1144,"15-jul-24","14:05",  5311,  5390,  5255,  5386,  5393,  4917,  5328,  3.8, 0.0212, 1.2822, 0.0212, 2.9297, 0.08, 25.244, 0.0212,  .8966, 0.0212, 2.1594, 0.08, 19.742, 0.0212, 1.4408, 0.0212, 2.0744, 0.08, 16.930, 0.0212, 1.1665, 0.0212,  .9859, 0.08, 15.094, 0.0212,  .9071, 0.0212, 1.4409, 0.08, 14.314, 0.0212,  .7485, 0.0212,  .7787, 0.08,  9.330, 0.0212, 1.3870, 0.0212, 1.6824, 0.08,  9.319
2024-07-15T00:00:00.00000, 1144,"15-jul-24","14:10",  5150,  5298,  5060,  5155,  5175,  5246,  5115,  3.8, 0.0212, 1.2733, 0.0212, 2.9298, 0.09, 25.953, 0.0212,  .8917, 0.0212, 2.1596, 0.09, 20.315, 0.0212, 1.4339, 0.0212, 2.0745, 0.09, 17.426, 0.0212, 1.1622, 0.0212,  .9866, 0.09, 15.539, 0.0212,  .9038, 0.0212, 1.4413, 0.09, 14.715, 0.0212,  .7467, 0.0212,  .7792, 0.09,  9.633, 0.0212, 1.3840, 0.0212, 1.6833, 0.09,  9.594
2024-07-15T00:00:00.00000, 1144,"15-jul-24","14:15",  5232,  5261,  5128,  5274,  5311,  4974,  5175,  3.8, 0.0212, 1.2643, 0.0212, 2.9298, 0.09, 26.673, 0.0212,  .8868, 0.0212, 2.1596, 0.09, 20.885, 0.0212, 1.4267, 0.0212, 2.0744, 0.09, 17.927, 0.0212, 1.1578, 0.0212,  .9872, 0.09, 15.995, 0.0212,  .9003, 0.0212, 1.4416, 0.09, 15.125, 0.0212,  .7449, 0.0212,  .7794, 0.09,  9.921, 0.0212, 1.3808, 0.0212, 1.6840, 0.09,  9.871
2024-07-15T00:00:00.00000, 1144,"15-jul-24","14:20",  6135,  6189,  5987,  6141,  6267,  6220,  6149,  3.8, 0.0212, 1.2539, 0.0212, 2.9298, 0.09, 27.517, 0.0212,  .8810, 0.0212, 2.1597, 0.09, 21.556, 0.0212, 1.4185, 0.0212, 2.0743, 0.09, 18.514, 0.0212, 1.1526, 0.0212,  .9879, 0.09, 16.525, 0.0212,  .8963, 0.0212, 1.4420, 0.09, 15.610, 0.0212,  .7426, 0.0212,  .7797, 0.09, 10.280, 0.0212, 1.3769, 0.0212, 1.6847, 0.09, 10.201
2024-07-15T00:00:00.00000, 1144,"15-jul-24","15:40",  5320,  5147,  5068,  5128,  5143,  4838,  4877,  3.8, 0.0212, 1.0420, 0.0212, 2.9313,  .18, 46.426, 0.0212,  .7634, 0.0212, 2.1634,  .18, 36.439, 0.0212, 1.2482, 0.0212, 2.0758,  .18, 31.576, 0.0212, 1.0293, 0.0212,  .9903,  .18, 28.300, 0.0212,  .8090, 0.0212, 1.4455,  .18, 26.373, 0.0212,  .6892, 0.0212,  .7811,  .18, 18.151, 0.0212, 1.2836, 0.0212, 1.6887,  .18, 17.580
2024-07-15T00:00:00.00000, 1144,"15-jul-24","15:45",  6998,  6815,  6792,  7171,  6938,  6614,  6589,  3.8, 0.0212, 1.0322, 0.0212, 2.9302, 0.08, 47.356, 0.0212,  .7577, 0.0212, 2.1621, 0.08, 37.153, 0.0212, 1.2397, 0.0212, 2.0747, 0.08, 32.218, 0.0212, 1.0216, 0.0212,  .9886, 0.08, 28.899, 0.0212,  .8040, 0.0212, 1.4440, 0.08, 26.891, 0.0212,  .6857, 0.0212,  .7800, 0.08, 18.520, 0.0212, 1.2775, 0.0212, 1.6864, 0.08, 17.922
2024-07-15T00:00:00.00000, 1144,"15-jul-24","15:50",  6471,  6528,  6439,  6549,  6662,  6403,  6426,  3.8, 0.0212, 1.0230, 0.0212, 2.9297, 0.09, 48.251, 0.0212,  .7522, 0.0212, 2.1614, 0.09, 37.863, 0.0212, 1.2318, 0.0212, 2.0743, 0.09, 32.851, 0.0212, 1.0146, 0.0212,  .9873, 0.09, 29.467, 0.0212,  .7995, 0.0212, 1.4431, 0.09, 27.409, 0.0212,  .6826, 0.0212,  .7793, 0.09, 18.892, 0.0212, 1.2720, 0.0212, 1.6848, 0.09, 18.268
2024-07-15T00:00:00.00000, 1144,"15-jul-24","15:55",  6470,  6500,  6332,  6627,  6611,  6395,  6392,  3.8, 0.0212, 1.0140, 0.0212, 2.9295, 0.09, 49.145, 0.0212,  .7469, 0.0212, 2.1610, 0.09, 38.571, 0.0212, 1.2240, 0.0212, 2.0739, 0.09, 33.474, 0.0212, 1.0079, 0.0212,  .9863, 0.09, 30.042, 0.0212,  .7952, 0.0212, 1.4424, 0.09, 27.922, 0.0212,  .6797, 0.0212,  .7787, 0.09, 19.264, 0.0212, 1.2668, 0.0212, 1.6837, 0.09, 18.612
2024-07-15T00:00:00.00000, 1144,"15-jul-24","16:00",  6463,  6537,  6426,  6610,  6693,  6611,  6503,  3.8, 0.0212, 1.0052, 0.0212, 2.9294, 0.09, 50.038, 0.0212,  .7417, 0.0212, 2.1609, 0.09, 39.282, 0.0212, 1.2163, 0.0212, 2.0736, 0.09, 34.106, 0.0212, 1.0014, 0.0212,  .9855, 0.09, 30.616, 0.0212,  .7909, 0.0212, 1.4419, 0.09, 28.442, 0.0212,  .6768, 0.0212,  .7783, 0.09, 19.648, 0.0212, 1.2617, 0.0212, 1.6827, 0.09, 18.963
2024-07-15T00:00:00.00000, 1144,"15-jul-24","16:05",  7415,  7322,  7133,  7381,  7406,  7344,  7373,  3.8, 0.0212,  .9955, 0.0212, 2.9293, 0.08, 51.025, 0.0212,  .7361, 0.0212, 2.1606, 0.08, 40.049, 0.0212, 1.2082, 0.0212, 2.0734, 0.08, 34.781, 0.0212,  .9946, 0.0212,  .9847, 0.08, 31.233, 0.0212,  .7864, 0.0212, 1.4414, 0.08, 28.996, 0.0212,  .6738, 0.0212,  .7780, 0.08, 20.058, 0.0212, 1.2564, 0.0212, 1.6819, 0.08, 19.345
2024-07-15T00:00:00.00000, 1144,"15-jul-24","16:10",  8921,  8215,  7929,  8011,  8120,  7598,  7688,  3.8, 0.0212,  .9835, 0.0212, 2.9293, 0.09, 52.258, 0.0212,  .7297, 0.0212, 2.1603, 0.09, 40.943, 0.0212, 1.1988, 0.0212, 2.0732, 0.09, 35.561, 0.0212,  .9872, 0.0212,  .9840, 0.09, 31.928, 0.0212,  .7813, 0.0212, 1.4410, 0.09, 29.627, 0.0212,  .6706, 0.0212,  .7776, 0.09, 20.500, 0.0212, 1.2507, 0.0212, 1.6811, 0.09, 19.760
2024-07-15T00:00:00.00000, 1144,"15-jul-24","16:15",  8745,  8377,  8042,  8249,  8229,  8001,  8037,  3.8, 0.0212,  .9719, 0.0212, 2.9292, 0.09, 53.468, 0.0212,  .7232, 0.0212, 2.1601, 0.09, 41.855, 0.0212, 1.1894, 0.0212, 2.0730, 0.09, 36.352, 0.0212,  .9796, 0.0212,  .9834, 0.09, 32.644, 0.0212,  .7763, 0.0212, 1.4406, 0.09, 30.267, 0.0212,  .6673, 0.0212,  .7772, 0.09, 20.965, 0.0212, 1.2449, 0.0212, 1.6804, 0.09, 20.193
2024-07-15T00:00:00.00000, 1144,"15-jul-24","16:20",  9613,  9025,  8798,  8920,  9013,  8743,  8807,  3.8, 0.0212,  .9593, 012, 2.9291, 0.09, 54.797, 0.0212,  .7163, 0.0212, 2.1599, 0.09, 42.838, 0.0212, 1.1793, 0.0212, 2.9, 0.09, 37.217, 0.0212,  .9716, 0.0212,  .9828, 0.09, 33.418, 0.0212,  .7708, 0.0212, 1.4402, 0.030.967, 0.0212,  .6638, 0.0212,  .7769, 0.09, 21.473, 0.0212, 1.2385, 0.0212, 1.6797, 0.09, 20.668
2024-07-15T00:00:00.00000, 1144,"15-jul-24","16:25",  8909,  8945,  8755,  9051,  9167,  9160,  9061,  3.8, 0.0212,  .9482, 012, 2.9290, 0.08, 55.982, 0.0212,  .7097, 0.0212, 2.1597, 0.08, 43.775, 0.0212, 1.1696, 0.0212, 2.7, 0.08, 38.046, 0.0212,  .9639, 0.0212,  .9822, 0.08, 34.175, 0.0212,  .7655, 0.0212, 1.4398, 0.031.652, 0.0212,  .6603, 0.0212,  .7766, 0.08, 21.985, 0.0212, 1.2323, 0.0212, 1.6790, 0.08, 21.138
2024-07-15T00:00:00.00000, 1144,"15-jul-24","16:30",  9540,  9544,  9373,  9658,  9779,  9506,  9639,  3.8, 0.0212,  .9361, 012, 2.9289, 0.09, 57.301, 0.0212,  .7025, 0.0212, 2.1595, 0.09, 44.814, 0.0212, 1.1590, 0.0212, 2.6, 0.09, 38.968, 0.0212,  .9555, 0.0212,  .9817, 0.09, 35.013, 0.0212,  .7596, 0.0212, 1.4395, 0.032.412, 0.0212,  .6565, 0.0212,  .7763, 0.09, 22.537, 0.0212, 1.2256, 0.0212, 1.6784, 0.09, 21.657
2024-07-15T00:00:00.00000, 1144,"15-jul-24","16:35", 10075, 10364, 10217, 10540, 10620, 10896, 10792,  3.8, 0.0212,  .9234, 012, 2.9288, 0.09, 58.694, 0.0212,  .6948, 0.0212, 2.1594, 0.09, 45.942, 0.0212, 1.1476, 0.0212, 2.5, 0.09, 39.972, 0.0212,  .9465, 0.0212,  .9812, 0.09, 35.928, 0.0212,  .7534, 0.0212, 1.4392, 0.033.237, 0.0212,  .6523, 0.0212,  .7761, 0.09, 23.170, 0.0212, 1.2182, 0.0212, 1.6778, 0.09, 22.239
2024-07-15T00:00:00.00000, 1144,"15-jul-24","16:40",  9090,  9298,  9178,  9645,  9731,  9474,  9632,  3.8, 0.0212,  .9121, 012, 2.9288, 0.09, 59.950, 0.0212,  .6880, 0.0212, 2.1591, 0.09, 46.954, 0.0212, 1.1373, 0.0212, 2.2, 0.09, 40.875, 0.0212,  .9385, 0.0212,  .9808, 0.09, 36.765, 0.0212,  .7477, 0.0212, 1.4389, 0.033.993, 0.0212,  .6486, 0.0212,  .7758, 0.09, 23.721, 0.0212, 1.2117, 0.0212, 1.6774, 0.09, 22.758
2024-07-15T00:00:00.00000, 1144,"15-jul-24","16:45",  8403,  8574,  8552,  8743,  9022,  8813,  9005,  3.8, 0.0212,  .9022, 012, 2.9287, 0.08, 61.069, 0.0212,  .6820, 0.0212, 2.1589, 0.08, 47.852, 0.0212, 1.1283, 0.0212, 2.1, 0.08, 41.685, 0.0212,  .9315, 0.0212,  .9804, 0.08, 37.495, 0.0212,  .7427, 0.0212, 1.4386, 0.034.668, 0.0212,  .6454, 0.0212,  .7757, 0.08, 24.214, 0.0212, 1.2058, 0.0212, 1.6769, 0.08, 23.225
2024-07-15T00:00:00.00000, 1144,"15-jul-24","16:50",  7256,  7507,  7388,  7642,  7706,  7841,  7754,  3.8, 0.0212,  .8934, 012, 2.9286, 0.09, 62.072, 0.0212,  .6766, 0.0212, 2.1589, 0.09, 48.669, 0.0212, 1.1202, 0.0212, 2.0, 0.09, 42.411, 0.0212,  .9251, 0.0212,  .9801, 0.09, 38.159, 0.0212,  .7383, 0.0212, 1.4384, 0.035.267, 0.0212,  .6424, 0.0212,  .7755, 0.09, 24.669, 0.0212, 1.2006, 0.0212, 1.6766, 0.09, 23.643
2024-07-15T00:00:00.00000, 1144,"15-jul-24","16:55",  8030,  8212,  8059,  8352,  8525,  8490,  8410,  3.8, 0.0212,  .8837, 012, 2.9286, 0.09, 63.182, 0.0212,  .6707, 0.0212, 2.1587, 0.09, 49.563, 0.0212, 1.1115, 0.0212, 2.9, 0.09, 43.204, 0.0212,  .9183, 0.0212,  .9798, 0.09, 38.884, 0.0212,  .7335, 0.0212, 1.4382, 0.035.929, 0.0212,  .6392, 0.0212,  .7754, 0.09, 25.163, 0.0212, 1.1950, 0.0212, 1.6762, 0.09, 24.097
2024-07-15T00:00:00.00000, 1144,"15-jul-24","17:00",  7679,  7788,  7671,  7929,  8081,  7894,  8114,  3.8, 0.0212,  .8746, 012, 2.9285, 0.09, 64.244, 0.0212,  .6652, 0.0212, 2.1587, 0.09, 50.411, 0.0212, 1.1032, 0.0212, 2.9, 0.09, 43.959, 0.0212,  .9119, 0.0212,  .9796, 0.09, 39.572, 0.0212,  .7290, 0.0212, 1.4381, 0.036.558, 0.0212,  .6363, 0.0212,  .7752, 0.09, 25.621, 0.0212, 1.1897, 0.0212, 1.6759, 0.09, 24.534
2024-07-15T00:00:00.00000, 1144,"15-jul-24","17:05",  8566,  8759,  8638,  8994,  9070,  8944,  9111,  3.8, 0.0212,  .8649, 012, 2.9284, 0.08, 65.384, 0.0212,  .6593, 0.0212, 2.1586, 0.08, 51.329, 0.0212, 1.0943, 0.0212, 2.6, 0.08, 44.776, 0.0212,  .9050, 0.0212,  .9793, 0.08, 40.324, 0.0212,  .7241, 0.0212, 1.4379, 0.037.236, 0.0212,  .6331, 0.0212,  .7751, 0.08, 26.122, 0.0212, 1.1840, 0.0212, 1.6757, 0.08, 25.007
2024-07-15T00:00:00.00000, 1144,"15-jul-24","17:10",  8513,  8728,  8580,  8866,  9113,  8922,  9016,  3.8, 0.0212,  .8550, 012, 2.9283, 0.09, 66.561, 0.0212,  .6532, 0.0212, 2.1585, 0.09, 52.279, 0.0212, 1.0853, 0.0212, 2.6, 0.09, 45.620, 0.0212,  .8981, 0.0212,  .9791, 0.09, 41.093, 0.0212,  .7191, 0.0212, 1.4378, 0.037.944, 0.0212,  .6298, 0.0212,  .7749, 0.09, 26.640, 0.0212, 1.1782, 0.0212, 1.6754, 0.09, 25.493
2024-07-15T00:00:00.00000, 1144,"15-jul-24","17:15",  8596,  8713,  8719,  8937,  9004,  9074,  9135,  3.8, 0.0212,  .8451, 012, 2.9283, 0.09, 67.749, 0.0212,  .6472, 0.0212, 2.1584, 0.09, 53.227, 0.0212, 1.0762, 0.0212, 2.6, 0.09, 46.478, 0.0212,  .8911, 0.0212,  .9789, 0.09, 41.869, 0.0212,  .7141, 0.0212, 1.4376, 0.038.644, 0.0212,  .6266, 0.0212,  .7748, 0.09, 27.167, 0.0212, 1.1724, 0.0212, 1.6752, 0.09, 25.985
2024-07-15T00:00:00.00000, 1144,"15-jul-24","17:20",  9540,  9782,  9687, 10080, 10297, 10168, 10225,  3.8, 0.0212,  .8343, 012, 2.9282, 0.09, 69.068, 0.0212,  .6405, 0.0212, 2.1582, 0.09, 54.292, 0.0212, 1.0661, 0.0212, 2.5, 0.09, 47.430, 0.0212,  .8834, 0.0212,  .9787, 0.09, 42.744, 0.0212,  .7085, 0.0212, 1.4375, 0.039.444, 0.0212,  .6229, 0.0212,  .7747, 0.09, 27.758, 0.0212, 1.1659, 0.0212, 1.6750, 0.09, 26.536
2024-07-15T00:00:00.00000, 1144,"15-jul-24","17:25",  9631,  9799,  9615,  9920, 10090, 10061, 10134,  3.8, 0.0212,  .8239, 012, 2.9282, 0.08, 70.351, 0.0212,  .6342, 0.0212, 2.1581, 0.08, 55.320, 0.0212, 1.0566, 0.0212, 2.4, 0.08, 48.341, 0.0212,  .8761, 0.0212,  .9786, 0.08, 43.574, 0.0212,  .7033, 0.0212, 1.4373, 0.040.199, 0.0212,  .6194, 0.0212,  .7746, 0.08, 28.321, 0.0212, 1.1597, 0.0212, 1.6748, 0.08, 27.063
2024-07-15T00:00:00.00000, 1144,"15-jul-24","17:30",  6957,  7014,  6875,  7122,  7214,  7242,  7299,  3.8, 0.0212,  .8162, 012, 2.9281, 0.09, 71.313, 0.0212,  .6295, 0.0212, 2.1580, 0.09, 56.083, 0.0212, 1.0496, 0.0212, 2.3, 0.09, 49.018, 0.0212,  .8707, 0.0212,  .9784, 0.09, 44.192, 0.0212,  .6994, 0.0212, 1.4372, 0.040.760, 0.0212,  .6169, 0.0212,  .7746, 0.09, 28.742, 0.0212, 1.1551, 0.0212, 1.6746, 0.09, 27.456
2024-07-15T00:00:00.00000, 1144,"15-jul-24","17:35",  6402,  6347,  6244,  6493,  6468,  6400,  6460,  3.8, 0.0212,  .8092, 012, 2.9280, 0.09, 72.198, 0.0212,  .6253, 0.0212, 2.1580, 0.09, 56.775, 0.0212, 1.0432, 0.0212, 2.2, 0.09, 49.632, 0.0212,  .8659, 0.0212,  .9783, 0.09, 44.756, 0.0212,  .6960, 0.0212, 1.4371, 0.041.262, 0.0212,  .6146, 0.0212,  .7745, 0.09, 29.114, 0.0212, 1.1511, 0.0212, 1.6745, 0.09, 27.804
2024-07-15T00:00:00.00000, 1144,"15-jul-24","17:40",  5527,  5230,  5193,  5238,  5303,  5311,  5215,  3.8, 0.0212,  .8032, 012, 2.9280, 0.09, 72.963, 0.0212,  .6218, 0.0212, 2.1579, 0.09, 57.344, 0.0212, 1.0381, 0.0212, 2.3, 0.09, 50.143, 0.0212,  .8620, 0.0212,  .9783, 0.09, 45.211, 0.0212,  .6932, 0.0212, 1.4370, 0.041.675, 0.0212,  .6127, 0.0212,  .7744, 0.09, 29.423, 0.0212, 1.1479, 0.0212, 1.6743, 0.09, 28.086
2024-07-15T00:00:00.00000, 1144,"15-jul-24","17:45",  6393,  6198,  5895,  6099,  6240,  6015,  6226,  3.8, 0.0212,  .7966, 012, 2.9280, 0.08, 73.814, 0.0212,  .6179, 0.0212, 2.1579, 0.08, 57.994, 0.0212, 1.0323, 0.0212, 2.2, 0.08, 50.702, 0.0212,  .8576, 0.0212,  .9782, 0.08, 45.721, 0.0212,  .6900, 0.0212, 1.4370, 0.042.142, 0.0212,  .6107, 0.0212,  .7744, 0.08, 29.759, 0.0212, 1.1442, 0.0212, 1.6743, 0.08, 28.409
2024-07-15T00:00:00.00000, 1144,"15-jul-24","17:50",  5744,  5510,  5414,  5461,  5538,  5467,  5470,  3.8, 0.0212,  .7904, 012, 2.9279, 0.09, 74.608, 0.0212,  .6144, 0.0212, 2.1579, 0.09, 58.594, 0.0212, 1.0270, 0.0212, 2.2, 0.09, 51.234, 0.0212,  .8536, 0.0212,  .9781, 0.09, 46.194, 0.0212,  .6871, 0.0212, 1.4370, 0.042.572, 0.0212,  .6088, 0.0212,  .7744, 0.09, 30.077, 0.0212, 1.1409, 0.0212, 1.6743, 0.09, 28.704
2024-07-15T00:00:00.00000, 1144,"15-jul-24","17:55",  5679,  5406,  5184,  5419,  5330,  5236,  5299,  3.8, 0.0212,  .7844, 012, 2.9278, 0.09, 75.394, 0.0212,  .6109, 0.0212, 2.1578, 0.09, 59.182, 0.0212, 1.0218, 0.0212, 2.1, 0.09, 51.744, 0.0212,  .8497, 0.0212,  .9781, 0.09, 46.665, 0.0212,  .6843, 0.0212, 1.4369, 0.042.986, 0.0212,  .6070, 0.0212,  .7743, 0.09, 30.381, 0.0212, 1.1376, 0.0212, 1.6742, 0.09, 28.989
2024-07-15T00:00:00.00000, 1144,"15-jul-24","18:00",  5841,  5490,  5307,  5412,  5536,  5473,  5453,  3.8, 0.0212,  .7782, 012, 2.9278, 0.09, 76.202, 0.0212,  .6073, 0.0212, 2.1577, 0.09, 59.780, 0.0212, 1.0166, 0.0212, 2.0, 0.09, 52.266, 0.0212,  .8458, 0.0212,  .9781, 0.09, 47.135, 0.0212,  .6815, 0.0212, 1.4369, 0.043.417, 0.0212,  .6051, 0.0212,  .7743, 0.09, 30.699, 0.0212, 1.1343, 0.0212, 1.6742, 0.09, 29.284
2024-07-15T00:00:00.00000, 1144,"15-jul-24","18:05",  6046,  5634,  5479,  5644,  5651,  5517,  5602,  3.8, 0.0212,  .7721, 012, 2.9277, 0.08, 77.007, 0.0212,  .6038, 0.0212, 2.1576, 0.08, 60.371, 0.0212, 1.0114, 0.0212, 2.9, 0.08, 52.786, 0.0212,  .8419, 0.0212,  .9781, 0.08, 47.607, 0.0212,  .6787, 0.0212, 1.4368, 0.043.840, 0.0212,  .6033, 0.0212,  .7743, 0.08, 31.008, 0.0212, 1.1311, 0.0212, 1.6741, 0.08, 29.574
2024-07-15T00:00:00.00000, 1144,"15-jul-24","18:10",  7008,  6833,  6621,  6818,  6912,  6856,  6942,  3.8, 0.0212,  .7649, 012, 2.9277, 0.09, 77.977, 0.0212,  .5995, 0.0212, 2.1576, 0.09, 61.116, 0.0212, 1.0049, 0.0212, 2.8, 0.09, 53.437, 0.0212,  .8370, 0.0212,  .9781, 0.09, 48.200, 0.0212,  .6751, 0.0212, 1.4368, 0.044.377, 0.0212,  .6010, 0.0212,  .7743, 0.09, 31.407, 0.0212, 1.1269, 0.0212, 1.6741, 0.09, 29.949
2024-07-15T00:00:00.00000, 1144,"15-jul-24","18:15",  7922,  7761,  7640,  7776,  7855,  7869,  7935,  3.8, 0.0212,  .7568, 012, 2.9277, 0.09, 79.073, 0.0212,  .5946, 0.0212, 2.1575, 0.09, 61.961, 0.0212,  .9975, 0.0212, 2.9, 0.09, 54.189, 0.0212,  .8315, 0.0212,  .9780, 0.09, 48.875, 0.0212,  .6711, 0.0212, 1.4367, 0.044.988, 0.0212,  .5983, 0.0212,  .7742, 0.09, 31.865, 0.0212, 1.1221, 0.0212, 1.6740, 0.09, 30.377
2024-07-15T00:00:00.00000, 1144,"15-jul-24","18:20",  6530,  6168,  5979,  6137,  6189,  6073,  6049,  3.8, 0.0212,  .7501, 012, 2.9275, 0.09, 79.976, 0.0212,  .5908, 0.0212, 2.1575, 0.09, 62.633, 0.0212,  .9918, 0.0212, 2.8, 0.09, 54.777, 0.0212,  .8272, 0.0212,  .9780, 0.09, 49.408, 0.0212,  .6680, 0.0212, 1.4367, 0.045.469, 0.0212,  .5963, 0.0212,  .7742, 0.09, 32.218, 0.0212, 1.1185, 0.0212, 1.6740, 0.09, 30.703
2024-07-15T00:00:00.00000, 1144,"15-jul-24","18:25",  6704,  6250,  6038,  6158,  6320,  6076,  6239,  3.8, 0.0212,  .7436, 012, 2.9274, 0.08, 80.869, 0.0212,  .5870, 0.0212, 2.1574, 0.08, 63.288, 0.0212,  .9862, 0.0212, 2.8, 0.08, 55.350, 0.0212,  .8230, 0.0212,  .9779, 0.08, 49.923, 0.0212,  .6649, 0.0212, 1.4367, 0.045.942, 0.0212,  .5943, 0.0212,  .7742, 0.08, 32.558, 0.0212, 1.1149, 0.0212, 1.6739, 0.08, 31.027
2024-07-15T00:00:00.00000, 1144,"15-jul-24","18:30",  6668,  6092,  5922,  6096,  5973,  6099,  5920,  3.8, 0.0212,  .7370, 012, 2.9274, 0.09, 81.791, 0.0212,  .5833, 0.0212, 2.1574, 0.09, 63.952, 0.0212,  .9806, 0.0212, 2.7, 0.09, 55.932, 0.0212,  .8187, 0.0212,  .9779, 0.09, 50.452, 0.0212,  .6619, 0.0212, 1.4366, 0.046.407, 0.0212,  .5922, 0.0212,  .7742, 0.09, 32.912, 0.0212, 1.1114, 0.0212, 1.6739, 0.09, 31.346
2024-07-15T00:00:00.00000, 1144,"15-jul-24","18:35",  5660,  5283,  4933,  4991,  5112,  4868,  4995,  3.8, 0.0212,  .7314, 012, 2.9273, 0.09, 82.574, 0.0212,  .5800, 0.0212, 2.1573, 0.09, 64.527, 0.0212,  .9759, 0.0212, 2.6, 0.09, 56.418, 0.0212,  .8153, 0.0212,  .9779, 0.09, 50.886, 0.0212,  .6593, 0.0212, 1.4365, 0.046.804, 0.0212,  .5906, 0.0212,  .7741, 0.09, 33.195, 0.0212, 1.1084, 0.0212, 1.6738, 0.09, 31.616
2024-07-15T00:00:00.00000, 1144,"15-jul-24","18:40",  5832,  5283,  5096,  5223,  5073,  4948,  5070,  3.8, 0.0212,  .7256, 012, 2.9272, 0.09, 83.381, 0.0212,  .5768, 0.0212, 2.1571, 0.09, 65.103, 0.0212,  .9711, 0.0212, 2.5, 0.09, 56.919, 0.0212,  .8117, 0.0212,  .9779, 0.09, 51.339, 0.0212,  .6568, 0.0212, 1.4365, 0.047.199, 0.0212,  .5889, 0.0212,  .7741, 0.09, 33.483, 0.0212, 1.1054, 0.0212, 1.6738, 0.09, 31.889
2024-07-15T00:00:00.00000, 1144,"15-jul-24","18:45",  5252,  4679,  4432,  4463,  4541,  4395,  4244,  3.8, 0.0212,  .7207, 012, 2.9272, 0.08, 84.081, 0.0212,  .5741, 0.0212, 2.1571, 0.08, 65.593, 0.0212,  .9671, 0.0212, 2.6, 0.08, 57.339, 0.0212,  .8087, 0.0212,  .9779, 0.08, 51.713, 0.0212,  .6546, 0.0212, 1.4364, 0.047.538, 0.0212,  .5876, 0.0212,  .7741, 0.08, 33.729, 0.0212, 1.1030, 0.0212, 1.6737, 0.08, 32.110
2024-07-15T00:00:00.00000, 1144,"15-jul-24","18:50",  5005,  4492,  4267,  4285,  4234,  4123,  4153,  3.8, 0.0212,  .7123, 012, 2.9272,  .15, 85.287, 0.0212,  .5693, 0.0212, 2.1570,  .15, 66.446, 0.0212,  .9602, 0.0212, 2.5,  .15, 58.071, 0.0212,  .8036, 0.0212,  .9778,  .15, 52.361, 0.0212,  .6510, 0.0212, 1.4364,  .148.112, 0.0212,  .5852, 0.0212,  .7741,  .15, 34.147, 0.0212, 1.0988, 0.0212, 1.6737,  .15, 32.500
2024-07-15T00:00:00.00000, 1144,"15-jul-24","18:55",  6560,  6000,  5861,  5959,  6097,  5997,  6012,  3.8, 0.0212,  .6998, 012, 2.9270,  .18, 87.104, 0.0212,  .5622, 0.0212, 2.1569,  .18, 67.754, 0.0212,  .9494, 0.0212, 2.4,  .18, 59.226, 0.0212,  .7954, 0.0212,  .9778,  .18, 53.397, 0.0212,  .6450, 0.0212, 1.4363,  .149.061, 0.0212,  .5812, 0.0212,  .7740,  .18, 34.844, 0.0212, 1.0918, 0.0212, 1.6736,  .18, 33.149
2024-07-15T00:00:00.00000, 1144,"15-jul-24","19:00",  7053,  6795,  6467,  6579,  6651,  6550,  6701,  3.8, 0.0212,  .6932, 012, 2.9270, 0.09, 88.079, 0.0212,  .5582, 0.0212, 2.1568, 0.09, 68.494, 0.0212,  .9435, 0.0212, 2.4, 0.09, 59.862, 0.0212,  .7910, 0.0212,  .9778, 0.09, 53.968, 0.0212,  .6418, 0.0212, 1.4363, 0.049.578, 0.0212,  .5791, 0.0212,  .7740, 0.09, 35.225, 0.0212, 1.0879, 0.0212, 1.6736, 0.09, 33.510
2024-07-15T00:00:00.00000, 1144,"15-jul-24","19:05",  6139,  5546,  5229,  5401,  5286,  5104,  5172,  3.8, 0.0212,  .6878, 012, 2.9269, 0.08, 88.897, 0.0212,  .5551, 0.0212, 2.1569, 0.08, 69.075, 0.0212,  .9389, 0.0212, 2.3, 0.08, 60.357, 0.0212,  .7876, 0.0212,  .9778, 0.08, 54.420, 0.0212,  .6393, 0.0212, 1.4363, 0.049.974, 0.0212,  .5775, 0.0212,  .7740, 0.08, 35.511, 0.0212, 1.0850, 0.0212, 1.6736, 0.08, 33.779
2024-07-15T00:00:00.00000, 1144,"15-jul-24","19:10",  6221,  5639,  5479,  5572,  5568,  5551,  5599,  3.8, 0.0212,  .6820, 012, 2.9268, 0.09, 89.757, 0.0212,  .5518, 0.0212, 2.1568, 0.09, 69.689, 0.0212,  .9339, 0.0212, 2.2, 0.09, 60.896, 0.0212,  .7839, 0.0212,  .9778, 0.09, 54.904, 0.0212,  .6366, 0.0212, 1.4363, 0.050.407, 0.0212,  .5756, 0.0212,  .7740, 0.09, 35.833, 0.0212, 1.0818, 0.0212, 1.6736, 0.09, 34.081
2024-07-15T00:00:00.00000, 1144,"15-jul-24","19:15",  6166,  5557,  5214,  5317,  5415,  5193,  5162,  3.8, 0.0212,  .6764, 012, 2.9268, 0.09, 90.610, 0.0212,  .5486, 0.0212, 2.1567, 0.09, 70.294, 0.0212,  .9293, 0.0212, 2.2, 0.09, 61.409, 0.0212,  .7804, 0.0212,  .9777, 0.09, 55.365, 0.0212,  .6340, 0.0212, 1.4363, 0.050.827, 0.0212,  .5740, 0.0212,  .7740, 0.09, 36.135, 0.0212, 1.0788, 0.0212, 1.6736, 0.09, 34.359
2024-07-15T00:00:00.00000, 1144,"15-jul-24","19:20",  4914,  4199,  3965,  3930,  3884,  3781,  3684,  3.8, 0.0212,  .6720, 012, 2.9268, 0.09, 91.289, 0.0212,  .5462, 0.0212, 2.1568, 0.09, 70.752, 0.0212,  .9257, 0.0212, 2.2, 0.09, 61.799, 0.0212,  .7777, 0.0212,  .9777, 0.09, 55.707, 0.0212,  .6322, 0.0212, 1.4362, 0.051.129, 0.0212,  .5728, 0.0212,  .7740, 0.09, 36.355, 0.0212, 1.0767, 0.0212, 1.6735, 0.09, 34.558
2024-07-15T00:00:00.00000, 1144,"15-jul-24","19:25",  5659,  4837,  4606,  4618,  4585,  4443,  4454,  3.8, 0.0212,  .6598, 012, 2.9268,  .21, 93.176, 0.0212,  .5395, 0.0212, 2.1566,  .21, 72.021, 0.0212,  .9158, 0.0212, 2.1,  .21, 62.892, 0.0212,  .7704, 0.0212,  .9776,  .21, 56.673, 0.0212,  .6269, 0.0212, 1.4361,  .251.988, 0.0212,  .5693, 0.0212,  .7739,  .21, 36.978, 0.0212, 1.0706, 0.0212, 1.6734,  .21, 35.137
2024-07-15T00:00:00.00000, 1144,"15-jul-24","19:30",  5329,  4598,  4265,  4320,  4235,  4006,  4089,  3.8, 0.0212,  .6530, 012, 2.9267,  .13, 94.241, 0.0212,  .5358, 0.0212, 2.1567,  .13, 72.745, 0.0212,  .9104, 0.0212, 2.0,  .13, 63.498, 0.0212,  .7663, 0.0212,  .9776,  .13, 57.215, 0.0212,  .6240, 0.0212, 1.4361,  .152.464, 0.0212,  .5674, 0.0212,  .7739,  .13, 37.314, 0.0212, 1.0672, 0.0212, 1.6734,  .13, 35.455
2024-07-15T00:00:00.00000, 1144,"15-jul-24","19:35",  5805,  4975,  4673,  4710,  4667,  4624,  4509,  3.8, 0.0212,  .6437, 012, 2.9267,  .16, 95.729, 0.0212,  .5306, 0.0212, 2.1566,  .16, 73.749, 0.0212,  .9029, 0.0212, 2.0,  .16, 64.350, 0.0212,  .7607, 0.0212,  .9776,  .16, 57.973, 0.0212,  .6200, 0.0212, 1.4360,  .153.136, 0.0212,  .5647, 0.0212,  .7739,  .16, 37.812, 0.0212, 1.0625, 0.0212, 1.6733,  .16, 35.906
2024-07-15T00:00:00.00000, 1144,"15-jul-24","19:40",  5048,  4344,  4200,  4204,  4240,  3865,  4053,  3.8, 0.0212,  .6381, 012, 2.9266,  .11, 96.634, 0.0212,  .5275, 0.0212, 2.1565,  .11, 74.362, 0.0212,  .8981, 0.0212, 2.0,  .11, 64.886, 0.0212,  .7572, 0.0212,  .9776,  .11, 58.447, 0.0212,  .6174, 0.0212, 1.4361,  .153.564, 0.0212,  .5631, 0.0212,  .7739,  .11, 38.103, 0.0212, 1.0595, 0.0212, 1.6734,  .11, 36.189
2024-07-15T00:00:00.00000, 1144,"15-jul-24","19:45",  4544,  3855,  3603,  3601,  3571,  3450,  3438,  3.8, 0.0212,  .6305, 012, 2.9266,  .17, 97.869, 0.0212,  .5234, 0.0212, 2.1565,  .17, 75.187, 0.0212,  .8920, 0.0212, 2.8,  .17, 65.583, 0.0212,  .7527, 0.0212,  .9776,  .17, 59.061, 0.0212,  .6142, 0.0212, 1.4360,  .154.109, 0.0212,  .5610, 0.0212,  .7739,  .17, 38.497, 0.0212, 1.0558, 0.0212, 1.6734,  .17, 36.554
2024-07-15T00:00:00.00000, 1144,"15-jul-24","19:50",  4519,  3944,  3719,  3748,  3783,  3545,  3632,  3.8, 0.0212,  .6197, 012, 2.9267,  .25, 99.653, 0.0212,  .5173, 0.0212, 2.1566,  .25, 76.413, 0.0212,  .8830, 0.0212, 2.9,  .25, 66.627, 0.0212,  .7459, 0.0212,  .9776,  .25, 59.990, 0.0212,  .6092, 0.0212, 1.4361,  .254.949, 0.0212,  .5578, 0.0212,  .7738,  .25, 39.086, 0.0212, 1.0500, 0.0212, 1.6734,  .25, 37.113
2024-07-15T00:00:00.00000, 1144,"15-jul-24","19:55",  4365,  3861,  3661,  3705,  3709,  3618,  3634,  3.8, 0.0212,  .6100, 012, 2.9267,  .24,101.287, 0.0212,  .5116, 0.0212, 2.1566,  .24, 77.551, 0.0212,  .8746, 0.0212, 2.9,  .24, 67.602, 0.0212,  .7396, 0.0212,  .9776,  .24, 60.861, 0.0212,  .6046, 0.0212, 1.4360,  .255.729, 0.0212,  .5548, 0.0212,  .7739,  .24, 39.655, 0.0212, 1.0446, 0.0212, 1.6734,  .24, 37.643
2024-07-15T00:00:00.00000, 1144,"15-jul-24","20:00",  3070,  2765,  2682,  2709,  2724,  2624,  2616,  3.8, 0.0212,  .6033, 012, 2.9268,  .24,102.436, 0.0212,  .5077, 0.0212, 2.1567,  .24, 78.366, 0.0212,  .8685, 0.0212, 2.9,  .24, 68.316, 0.0212,  .7351, 0.0212,  .9777,  .24, 61.497, 0.0212,  .6013, 0.0212, 1.4361,  .256.302, 0.0212,  .5526, 0.0212,  .7739,  .24, 40.068, 0.0212, 1.0407, 0.0212, 1.6735,  .24, 38.025
2024-07-15T00:00:00.00000, 1144,"15-jul-24","20:05",  3148,  2886,  2785,  2861,  2855,  2783,  2798,  3.8, 0.0212,  .5926, 012, 2.9269,  .38,104.292, 0.0212,  .5012, 0.0212, 2.1568,  .38, 79.705, 0.0212,  .8587, 0.0212, 2.0,  .38, 69.484, 0.0212,  .7277, 0.0212,  .9778,  .38, 62.557, 0.0212,  .5959, 0.0212, 1.4362,  .357.248, 0.0212,  .5490, 0.0212,  .7739,  .38, 40.757, 0.0212, 1.0343, 0.0212, 1.6737,  .38, 38.668
2024-07-15T00:00:00.00000, 1144,"15-jul-24","20:10",  2808,  2476,  2345,  2358,  2350,  2284,  2303,  3.8, 0.0212,  .5838, 012, 2.9270,  .36,105.846, 0.0212,  .4961, 0.0212, 2.1569,  .36, 80.784, 0.0212,  .8510, 0.0212, 2.1,  .36, 70.408, 0.0212,  .7220, 0.0212,  .9779,  .36, 63.376, 0.0212,  .5918, 0.0212, 1.4363,  .357.979, 0.0212,  .5463, 0.0212,  .7740,  .36, 41.288, 0.0212, 1.0294, 0.0212, 1.6739,  .36, 39.165
2024-07-15T00:00:00.00000, 1144,"15-jul-24","20:15",  2409,  2226,  2137,  2180,  2212,  2109,  2159,  3.8, 0.0212,  .5751, 012, 2.9270,  .42,107.414, 0.0212,  .4907, 0.0212, 2.1569,  .42, 81.925, 0.0212,  .8429, 0.0212, 2.2,  .42, 71.397, 0.0212,  .7159, 0.0212,  .9780,  .42, 64.267, 0.0212,  .5872, 0.0212, 1.4363,  .458.788, 0.0212,  .5433, 0.0212,  .7741,  .42, 41.865, 0.0212, 1.0240, 0.0212, 1.6740,  .42, 39.712
2024-07-15T00:00:00.00000, 1144,"15-jul-24","20:20",  2409,  2181,  2104,  2141,  2123,  2088,  2083,  3.8, 0.0212,  .5660, 012, 2.9270,  .45,109.079, 0.0212,  .4852, 0.0212, 2.1569,  .45, 83.112, 0.0212,  .8344, 0.0212, 2.1,  .45, 72.432, 0.0212,  .7096, 0.0212,  .9781,  .45, 65.196, 0.0212,  .5826, 0.0212, 1.4364,  .459.613, 0.0212,  .5401, 0.0212,  .7741,  .45, 42.472, 0.0212, 1.0184, 0.0212, 1.6741,  .45, 40.274
2024-07-15T00:00:00.00000, 1144,"15-jul-24","20:25",  2292,  2080,  2012,  2040,  2067,  2012,  1988,  3.8, 0.0212,  .5573, 012, 2.9273,  .46,110.699, 0.0212,  .4799, 0.0212, 2.1571,  .46, 84.269, 0.0212,  .8263, 0.0212, 2.3,  .46, 73.444, 0.0212,  .7035, 0.0212,  .9784,  .46, 66.101, 0.0212,  .5780, 0.0212, 1.4366,  .460.434, 0.0212,  .5371, 0.0212,  .7742,  .46, 43.069, 0.0212, 1.0132, 0.0212, 1.6745,  .46, 40.822
2024-07-15T00:00:00.00000, 1144,"15-jul-24","20:30",  1870,  1724,  1648,  1699,  1683,  1646,  1670,  3.8, 0.0212,  .5500, 012, 2.9274,  .47,112.067, 0.0212,  .4754, 0.0212, 2.1572,  .47, 85.263, 0.0212,  .8194, 0.0212, 2.3,  .47, 74.302, 0.0212,  .6983, 0.0212,  .9785,  .47, 66.881, 0.0212,  .5742, 0.0212, 1.4367,  .461.126, 0.0212,  .5346, 0.0212,  .7744,  .47, 43.575, 0.0212, 1.0086, 0.0212, 1.6747,  .47, 41.298
2024-07-15T00:00:00.00000, 1144,"15-jul-24","20:35",  2130,  1891,  1828,  1830,  1844,  1778,  1798,  3.8, 0.0212,  .5412, 012, 2.9274,  .51,113.745, 0.0212,  .4701, 0.0212, 2.1572,  .51, 86.436, 0.0212,  .8113, 0.0212, 2.4,  .51, 75.326, 0.0212,  .6923, 0.0212,  .9787,  .51, 67.787, 0.0212,  .5698, 0.0212, 1.4368,  .561.943, 0.0212,  .5316, 0.0212,  .7744,  .51, 44.164, 0.0212, 1.0033, 0.0212, 1.6748,  .51, 41.851
2024-07-15T00:00:00.00000, 1144,"15-jul-24","20:40",  1971,  1808,  1750,  1804,  1802,  1789,  1793,  3.8, 0.0212,  .5336, 012, 2.9273,  .48,115.217, 0.0212,  .4653, 0.0212, 2.1573,  .48, 87.500, 0.0212,  .8040, 0.0212, 2.2,  .48, 76.256, 0.0212,  .6868, 0.0212,  .9789,  .48, 68.633, 0.0212,  .5657, 0.0212, 1.4368,  .462.699, 0.0212,  .5288, 0.0212,  .7745,  .48, 44.726, 0.0212,  .9982, 0.0212, 1.6750,  .48, 42.373
2024-07-15T00:00:00.00000, 1144,"15-jul-24","20:45",  1855,  1730,  1656,  1697,  1705,  1660,  1665,  3.8, 0.0212,  .5263, 012, 2.9273,  .50,116.641, 0.0212,  .4607, 0.0212, 2.1572,  .50, 88.545, 0.0212,  .7970, 0.0212, 2.3,  .50, 77.160, 0.0212,  .6814, 0.0212,  .9789,  .50, 69.450, 0.0212,  .5617, 0.0212, 1.4369,  .563.435, 0.0212,  .5262, 0.0212,  .7745,  .50, 45.261, 0.0212,  .9935, 0.0212, 1.6751,  .50, 42.871
2024-07-15T00:00:00.00000, 1144,"15-jul-24","20:50",  1947,  1756,  1714,  1737,  1751,  1700,  1710,  3.8, 0.0212,  .5186, 012, 2.9274,  .51,118.175, 0.0212,  .4560, 0.0212, 2.1574,  .51, 89.634, 0.0212,  .7896, 0.0212, 2.4,  .51, 78.121, 0.0212,  .6759, 0.0212,  .9791,  .51, 70.310, 0.0212,  .5576, 0.0212, 1.4370,  .564.210, 0.0212,  .5234, 0.0212,  .7746,  .51, 45.824, 0.0212,  .9885, 0.0212, 1.6754,  .51, 43.396
2024-07-15T00:00:00.00000, 1144,"15-jul-24","20:55",  2003,  1801,  1715,  1730,  1738,  1713,  1696,  3.8, 0.0212,  .5111, 012, 2.9274,  .50,119.712, 0.0212,  .4512, 0.0212, 2.1573,  .50, 90.722, 0.0212,  .7824, 0.0212, 2.5,  .50, 79.057, 0.0212,  .6705, 0.0212,  .9792,  .50, 71.144, 0.0212,  .5536, 0.0212, 1.4371,  .564.960, 0.0212,  .5207, 0.0212,  .7747,  .50, 46.377, 0.0212,  .9837, 0.0212, 1.6755,  .50, 43.904
2024-07-15T00:00:00.00000, 1144,"15-jul-24","21:00",  1784,  1572,  1479,  1497,  1477,  1413,  1454,  3.8, 0.0212,  .5044, 012, 2.9275,  .50,121.081, 0.0212,  .4472, 0.0212, 2.1573,  .50, 91.672, 0.0212,  .7763, 0.0212, 2.5,  .50, 79.865, 0.0212,  .6660, 0.0212,  .9794,  .50, 71.865, 0.0212,  .5502, 0.0212, 1.4371,  .565.597, 0.0212,  .5184, 0.0212,  .7747,  .50, 46.832, 0.0212,  .9796, 0.0212, 1.6757,  .50, 44.339
2024-07-15T00:00:00.00000, 1144,"15-jul-24","21:05",  1647,  1446,  1371,  1380,  1367,  1349,  1327,  3.8, 0.0212,  .4979, 012, 2.9274,  .53,122.437, 0.0212,  .4432, 0.0212, 2.1574,  .53, 92.609, 0.0212,  .7702, 0.0212, 2.4,  .53, 80.668, 0.0212,  .6615, 0.0212,  .9795,  .53, 72.578, 0.0212,  .5469, 0.0212, 1.4372,  .566.229, 0.0212,  .5161, 0.0212,  .7747,  .53, 47.299, 0.0212,  .9756, 0.0212, 1.6758,  .53, 44.765
2024-07-15T00:00:00.00000, 1144,"15-jul-24","21:10",  1410,  1247,  1182,  1196,  1200,  1125,  1139,  3.8, 0.0212,  .4922, 012, 2.9273,  .55,123.635, 0.0212,  .4397, 0.0212, 2.1572,  .55, 93.443, 0.0212,  .7649, 0.0212, 2.3,  .55, 81.381, 0.0212,  .6575, 0.0212,  .9796,  .55, 73.216, 0.0212,  .5439, 0.0212, 1.4372,  .566.802, 0.0212,  .5142, 0.0212,  .7748,  .55, 47.700, 0.0212,  .9721, 0.0212, 1.6759,  .55, 45.142
2024-07-15T00:00:00.00000, 1144,"15-jul-24","21:15",  1325,  1173,  1117,  1118,  1112,  1062,  1078,  3.8, 0.0212,  .4867, 012, 2.9273,  .57,124.807, 0.0212,  .4363, 0.0212, 2.1573,  .57, 94.260, 0.0212,  .7597, 0.0212, 2.3,  .57, 82.084, 0.0212,  .6536, 0.0212,  .9798,  .57, 73.837, 0.0212,  .5411, 0.0212, 1.4373,  .567.355, 0.0212,  .5123, 0.0212,  .7749,  .57, 48.095, 0.0212,  .9686, 0.0212, 1.6760,  .57, 45.514
2024-07-15T00:00:00.00000, 1144,"15-jul-24","21:20",  1160,   997,   941,   944,   931,   910,   886,  3.8, 0.0212,  .4819, 012, 2.9275,  .59,125.857, 0.0212,  .4334, 0.0212, 2.1574,  .59, 94.971, 0.0212,  .7553, 0.0212, 2.5,  .59, 82.690, 0.0212,  .6504, 0.0212,  .9800,  .59, 74.373, 0.0212,  .5387, 0.0212, 1.4375,  .567.829, 0.0212,  .5106, 0.0212,  .7750,  .59, 48.442, 0.0212,  .9658, 0.0212, 1.6763,  .59, 45.826
2024-07-15T00:00:00.00000, 1144,"15-jul-24","21:40",  2323,  1948,  1816,  1759,  1729,  1631,  1572,  3.8, 0.0212, 1.6217, 012, 2.8967,  .60,  2.147, 0.0212, 1.0831, 0.0212, 2.1173,  .60,  1.417, 0.0212, 1.7165, 0.0212, 2.0,  .60,  1.194, 0.0212, 1.3662, 0.0212,  .9722,  .60,  1.020, 0.0212, 1.0495, 0.0212, 1.4084,  .6  .898, 0.0212,  .8482, 0.0212,  .7783,  .60,   .633, 0.0212, 1.5424, 0.0212, 1.6514,  .60,   .566
2024-07-15T00:00:00.00000, 1144,"15-jul-24","21:45",  2432,  2056,  1919,  1889,  1824,  1687,  1639,  3.8, 0.0212, 1.5920, 012, 2.8965,  .50,  4.010, 0.0212, 1.0699, 0.0212, 2.1172,  .50,  2.657, 0.0212, 1.6987, 0.0212, 2.8,  .50,  2.240, 0.0212, 1.3537, 0.0212,  .9719,  .50,  1.929, 0.0212, 1.0414, 0.0212, 1.4083,  .5 1.683, 0.0212,  .8435, 0.0212,  .7782,  .50,  1.176, 0.0212, 1.5348, 0.0212, 1.6512,  .50,  1.055
2024-07-15T00:00:00.00000, 1144,"15-jul-24","21:50",  2220,  1902,  1760,  1720,  1667,  1563,  1534,  3.8, 0.0212, 1.5663, 012, 2.8966,  .48,  5.666, 0.0212, 1.0583, 0.0212, 2.1172,  .48,  3.774, 0.0212, 1.6831, 0.0212, 2.8,  .48,  3.174, 0.0212, 1.3435, 0.0212,  .9722,  .48,  2.734, 0.0212, 1.0344, 0.0212, 1.4085,  .4 2.382, 0.0212,  .8396, 0.0212,  .7783,  .48,  1.666, 0.0212, 1.5285, 0.0212, 1.6517,  .48,  1.502
2024-07-15T00:00:00.00000, 1144,"15-jul-24","21:55",  1993,  1698,  1583,  1556,  1522,  1433,  1389,  3.8, 0.0212, 1.5429, 012, 2.8967,  .50,  7.194, 0.0212, 1.0478, 0.0212, 2.1173,  .50,  4.799, 0.0212, 1.6688, 0.0212, 2.8,  .50,  4.037, 0.0212, 1.3344, 0.0212,  .9728,  .50,  3.484, 0.0212, 1.0280, 0.0212, 1.4088,  .5 3.038, 0.0212,  .8362, 0.0212,  .7786,  .50,  2.128, 0.0212, 1.5229, 0.0212, 1.6524,  .50,  1.917
2024-07-15T00:00:00.00000, 1144,"15-jul-24","22:00",  1906,  1656,  1539,  1511,  1467,  1366,  1353,  3.8, 0.0212, 1.5197, 012, 2.8968,  .52,  8.734, 0.0212, 1.0371, 0.0212, 2.1174,  .52,  5.853, 0.0212, 1.6544, 0.0212, 2.9,  .52,  4.922, 0.0212, 1.3252, 0.0212,  .9734,  .52,  4.250, 0.0212, 1.0216, 0.0212, 1.4091,  .5 3.704, 0.0212,  .8327, 0.0212,  .7789,  .52,  2.592, 0.0212, 1.5173, 0.0212, 1.6532,  .52,  2.343
2024-07-15T00:00:00.00000, 1144,"15-jul-24","22:05",  2081,  1779,  1676,  1648,  1618,  1493,  1478,  3.8, 0.0212, 1.4942, 012, 2.8967,  .53, 10.448, 0.0212, 1.0255, 0.0212, 2.1175,  .53,  7.006, 0.0212, 1.6384, 0.0212, 2.8,  .53,  5.904, 0.0212, 1.3149, 0.0212,  .9740,  .53,  5.102, 0.0212, 1.0144, 0.0212, 1.4094,  .5 4.453, 0.0212,  .8288, 0.0212,  .7791,  .53,  3.109, 0.0212, 1.5108, 0.0212, 1.6538,  .53,  2.818
2024-07-15T00:00:00.00000, 1144,"15-jul-24","22:10",  2419,  2098,  1968,  1967,  1917,  1795,  1766,  3.8, 0.0212, 1.4663, 012, 2.8966,  .51, 12.353, 0.0212, 1.0124, 0.0212, 2.1174,  .51,  8.308, 0.0212, 1.6204, 0.0212, 2.6,  .51,  7.007, 0.0212, 1.3030, 0.0212,  .9745,  .51,  6.075, 0.0212, 1.0061, 0.0212, 1.4096,  .5 5.302, 0.0212,  .8242, 0.0212,  .7794,  .51,  3.703, 0.0212, 1.5032, 0.0212, 1.6544,  .51,  3.360
2024-07-15T00:00:00.00000, 1144,"15-jul-24","22:15",  2276,  2037,  1908,  1896,  1865,  1738,  1732,  3.8, 0.0212, 1.4426, 012, 2.8966,  .47, 14.006, 0.0212, 1.0010, 0.0212, 2.1174,  .47,  9.473, 0.0212, 1.6047, 0.0212, 2.6,  .47,  7.993, 0.0212, 1.2926, 0.0212,  .9749,  .47,  6.940, 0.0212,  .9988, 0.0212, 1.4099,  .4 6.064, 0.0212,  .8202, 0.0212,  .7795,  .47,  4.234, 0.0212, 1.4964, 0.0212, 1.6548,  .47,  3.851
2024-07-15T00:00:00.00000, 1144,"15-jul-24","22:20",  2128,  1892,  1794,  1786,  1729,  1631,  1622,  3.8, 0.0212, 1.4202, 012, 2.8966,  .48, 15.595, 0.0212,  .9901, 0.0212, 2.1173,  .48, 10.585, 0.0212, 1.5896, 0.0212, 2.5,  .48,  8.946, 0.0212, 1.2826, 0.0212,  .9754,  .48,  7.777, 0.0212,  .9918, 0.0212, 1.4100,  .4 6.789, 0.0212,  .8162, 0.0212,  .7797,  .48,  4.746, 0.0212, 1.4898, 0.0212, 1.6552,  .48,  4.323
2024-07-15T00:00:00.00000, 1144,"15-jul-24","22:25",  2015,  1785,  1690,  1659,  1634,  1535,  1514,  3.8, 0.0212, 1.3989, 012, 2.8966,  .49, 17.131, 0.0212,  .9798, 0.0212, 2.1174,  .49, 11.657, 0.0212, 1.5753, 0.0212, 2.4,  .49,  9.863, 0.0212, 1.2729, 0.0212,  .9756,  .49,  8.572, 0.0212,  .9852, 0.0212, 1.4101,  .4 7.489, 0.0212,  .8125, 0.0212,  .7798,  .49,  5.237, 0.0212, 1.4835, 0.0212, 1.6556,  .49,  4.773
2024-07-15T00:00:00.00000, 1144,"15-jul-24","22:30",  1901,  1676,  1562,  1558,  1510,  1431,  1408,  3.8, 0.0212, 1.3783, 012, 2.8964,  .51, 18.629, 0.0212,  .9698, 0.0212, 2.1173,  .51, 12.696, 0.0212, 1.5617, 0.0212, 2.4,  .51, 10.738, 0.0212, 1.2637, 0.0212,  .9759,  .51,  9.342, 0.0212,  .9788, 0.0212, 1.4102,  .5 8.158, 0.0212,  .8089, 0.0212,  .7799,  .51,  5.711, 0.0212, 1.4775, 0.0212, 1.6558,  .51,  5.205
2024-07-15T00:00:00.00000, 1144,"15-jul-24","22:35",  1914,  1657,  1550,  1543,  1495,  1401,  1385,  3.8, 0.0212, 1.3575, 012, 2.8965,  .52, 20.176, 0.0212,  .9599, 0.0212, 2.1173,  .52, 13.750, 0.0212, 1.5481, 0.0212, 2.4,  .52, 11.630, 0.0212, 1.2543, 0.0212,  .9762,  .52, 10.125, 0.0212,  .9724, 0.0212, 1.4103,  .5 8.837, 0.0212,  .8052, 0.0212,  .7800,  .52,  6.187, 0.0212, 1.4713, 0.0212, 1.6561,  .52,  5.642
2024-07-15T00:00:00.00000, 1144,"15-jul-24","22:40",  1801,  1565,  1460,  1444,  1409,  1302,  1294,  3.8, 0.0212, 1.3378, 012, 2.8965,  .53, 21.659, 0.0212,  .9504, 0.0212, 2.1173,  .53, 14.765, 0.0212, 1.5351, 0.0212, 2.4,  .53, 12.485, 0.0212, 1.2455, 0.0212,  .9764,  .53, 10.872, 0.0212,  .9663, 0.0212, 1.4104,  .5 9.490, 0.0212,  .8018, 0.0212,  .7801,  .53,  6.638, 0.0212, 1.4655, 0.0212, 1.6563,  .53,  6.058
2024-07-15T00:00:00.00000, 1144,"15-jul-24","22:45",  1807,  1576,  1477,  1447,  1424,  1348,  1307,  3.8, 0.0212, 1.3184, 012, 2.8964,  .53, 23.147, 0.0212,  .9410, 0.0212, 2.1174,  .53, 15.787, 0.0212, 1.5220, 0.0212, 2.4,  .53, 13.351, 0.0212, 1.2366, 0.0212,  .9766,  .53, 11.621, 0.0212,  .9601, 0.0212, 1.4105,  .510.149, 0.0212,  .7982, 0.0212,  .7802,  .53,  7.104, 0.0212, 1.4596, 0.0212, 1.6565,  .53,  6.477
2024-07-15T00:00:00.00000, 1144,"15-jul-24","22:50",  1569,  1376,  1283,  1282,  1255,  1161,  1172,  3.8, 0.0212, 1.3016, 012, 2.8964,  .54, 24.446, 0.0212,  .9327, 0.0212, 2.1173,  .54, 16.684, 0.0212, 1.5106, 0.0212, 2.2,  .54, 14.107, 0.0212, 1.2288, 0.0212,  .9768,  .54, 12.287, 0.0212,  .9547, 0.0212, 1.4106,  .510.733, 0.0212,  .7952, 0.0212,  .7803,  .54,  7.508, 0.0212, 1.4544, 0.0212, 1.6567,  .54,  6.856
2024-07-15T00:00:00.00000, 1144,"15-jul-24","22:55",  1654,  1425,  1335,  1316,  1289,  1195,  1188,  3.8, 0.0212, 1.2834, 012, 2.8964,  .56, 25.876, 0.0212,  .9239, 0.0212, 2.1172,  .56, 17.654, 0.0212, 1.4984, 0.0212, 2.3,  .56, 14.928, 0.0212, 1.2204, 0.0212,  .9770,  .56, 13.002, 0.0212,  .9489, 0.0212, 1.4107,  .511.359, 0.0212,  .7919, 0.0212,  .7803,  .56,  7.943, 0.0212, 1.4488, 0.0212, 1.6569,  .56,  7.256
2024-07-15T00:00:00.00000, 1144,"15-jul-24","23:00",  1572,  1350,  1253,  1231,  1187,  1106,  1080,  3.8, 0.0212, 1.2664, 012, 2.8963,  .56, 27.235, 0.0212,  .9157, 0.0212, 2.1173,  .56, 18.573, 0.0212, 1.4870, 0.0212, 2.2,  .56, 15.698, 0.0212, 1.2127, 0.0212,  .9772,  .56, 13.670, 0.0212,  .9436, 0.0212, 1.4108,  .511.936, 0.0212,  .7889, 0.0212,  .7804,  .56,  8.345, 0.0212, 1.4438, 0.0212, 1.6571,  .56,  7.621
2024-07-15T00:00:00.00000, 1144,"15-jul-24","23:05",  1591,  1373,  1281,  1258,  1230,  1149,  1138,  3.8, 0.0212, 1.2489, 012, 2.8963,  .57, 28.643, 0.0212,  .9072, 0.0212, 2.1173,  .57, 19.530, 0.0212, 1.4752, 0.0212, 2.2,  .57, 16.505, 0.0212, 1.2046, 0.0212,  .9774,  .57, 14.369, 0.0212,  .9381, 0.0212, 1.4108,  .512.548, 0.0212,  .7857, 0.0212,  .7805,  .57,  8.772, 0.0212, 1.4384, 0.0212, 1.6573,  .57,  8.013
2024-07-15T00:00:00.00000, 1144,"15-jul-24","23:10",  1336,  1144,  1063,  1048,  1019,   942,   919,  3.8, 0.0212, 1.2348, 012, 2.8963,  .56, 29.797, 0.0212,  .9003, 0.0212, 2.1173,  .56, 20.308, 0.0212, 1.4658, 0.0212, 2.2,  .56, 17.159, 0.0212, 1.1981, 0.0212,  .9776,  .56, 14.937, 0.0212,  .9336, 0.0212, 1.4109,  .513.043, 0.0212,  .7832, 0.0212,  .7806,  .56,  9.114, 0.0212, 1.4342, 0.0212, 1.6575,  .56,  8.323
2024-07-15T00:00:00.00000, 1144,"15-jul-24","23:15",  1370,  1175,  1105,  1080,  1062,   990,   981,  3.8, 0.0212, 1.2199, 012, 2.8963,  .59, 31.037, 0.0212,  .8929, 0.0212, 2.1172,  .59, 21.146, 0.0212, 1.4554, 0.0212, 2.1,  .59, 17.870, 0.0212, 1.1911, 0.0212,  .9777,  .59, 15.551, 0.0212,  .9287, 0.0212, 1.4110,  .513.584, 0.0212,  .7804, 0.0212,  .7806,  .59,  9.491, 0.0212, 1.4295, 0.0212, 1.6577,  .59,  8.669
2024-07-15T00:00:00.00000, 1144,"15-jul-24","23:20",  1287,  1133,  1055,  1045,  1001,   939,   926,  3.8, 0.0212, 1.2060, 012, 2.8962,  .59, 32.202, 0.0212,  .8859, 0.0212, 2.1172,  .59, 21.954, 0.0212, 1.4457, 0.0212, 2.1,  .59, 18.550, 0.0212, 1.1845, 0.0212,  .9779,  .59, 16.145, 0.0212,  .9242, 0.0212, 1.4111,  .514.093, 0.0212,  .7777, 0.0212,  .7807,  .59,  9.849, 0.0212, 1.4250, 0.0212, 1.6579,  .59,  8.996
2024-07-15T00:00:00.00000, 1144,"15-jul-24","23:25",  1217,  1061,   986,   983,   959,   895,   884,  3.8, 0.0212, 1.1928, 012, 2.8962,  .60, 33.323, 0.0212,  .8792, 0.0212, 2.1171,  .60, 22.723, 0.0212, 1.4365, 0.0212, 2.0,  .60, 19.196, 0.0212, 1.1781, 0.0212,  .9782,  .60, 16.714, 0.0212,  .9198, 0.0212, 1.4112,  .614.590, 0.0212,  .7752, 0.0212,  .7808,  .60, 10.195, 0.0212, 1.4208, 0.0212, 1.6581,  .60,  9.314
2024-07-15T00:00:00.00000, 1144,"15-jul-24","23:30",  1106,   961,   892,   877,   852,   792,   785,  3.8, 0.0212, 1.1808, 012, 2.8961,  .60, 34.346, 0.0212,  .8733, 0.0212, 2.1171,  .60, 23.424, 0.0212, 1.4282, 0.0212, 2.9,  .60, 19.783, 0.0212, 1.1725, 0.0212,  .9784,  .60, 17.223, 0.0212,  .9158, 0.0212, 1.4112,  .615.033, 0.0212,  .7730, 0.0212,  .7809,  .60, 10.503, 0.0212, 1.4170, 0.0212, 1.6583,  .60,  9.597
2024-07-15T00:00:00.00000, 1144,"15-jul-24","23:35",  1035,   897,   847,   817,   805,   734,   733,  3.8, 0.0212, 1.1697, 012, 2.8960,  .60, 35.304, 0.0212,  .8677, 0.0212, 2.1171,  .60, 24.077, 0.0212, 1.4204, 0.0212, 2.0,  .60, 20.341, 0.0212, 1.1673, 0.0212,  .9785,  .60, 17.698, 0.0212,  .9121, 0.0212, 1.4113,  .615.451, 0.0212,  .7709, 0.0212,  .7810,  .60, 10.789, 0.0212, 1.4135, 0.0212, 1.6585,  .60,  9.862
2024-07-15T00:00:00.00000, 1144,"15-jul-24","23:40",  1043,   921,   854,   863,   827,   765,   756,  3.8, 0.0212, 1.1586, 012, 2.8959,  .60, 36.269, 0.0212,  .8621, 0.0212, 2.1172,  .60, 24.748, 0.0212, 1.4124, 0.0212, 2.9,  .60, 20.903, 0.0212, 1.1618, 0.0212,  .9788,  .60, 18.200, 0.0212,  .9084, 0.0212, 1.4114,  .615.882, 0.0212,  .7688, 0.0212,  .7811,  .60, 11.086, 0.0212, 1.4098, 0.0212, 1.6587,  .60, 10.134
2024-07-15T00:00:00.00000, 1144,"15-jul-24","23:45",  1159,  1024,   954,   938,   916,   853,   846,  3.8, 0.0212, 1.1466, 012, 2.8959,  .60, 37.337, 0.0212,  .8558, 0.0212, 2.1171,  .60, 25.490, 0.0212, 1.4038, 0.0212, 2.9,  .60, 21.528, 0.0212, 1.1559, 0.0212,  .9790,  .60, 18.742, 0.0212,  .9042, 0.0212, 1.4115,  .616.356, 0.0212,  .7664, 0.0212,  .7811,  .60, 11.417, 0.0212, 1.4058, 0.0212, 1.6589,  .60, 10.438
2024-07-15T00:00:00.00000, 1144,"15-jul-24","23:50",  1277,  1114,  1043,  1032,  1010,   969,   954,  3.8, 0.0212, 1.1333, 012, 2.8958,  .60, 38.519, 0.0212,  .8490, 0.0212, 2.1170,  .60, 26.302, 0.0212, 1.3942, 0.0212, 2.8,  .60, 22.215, 0.0212, 1.1493, 0.0212,  .9791,  .60, 19.341, 0.0212,  .8996, 0.0212, 1.4116,  .616.882, 0.0212,  .7637, 0.0212,  .7812,  .60, 11.793, 0.0212, 1.4012, 0.0212, 1.6591,  .60, 10.782
2024-07-15T00:00:00.00000, 1144,"15-jul-24","23:55",  1222,  1102,  1044,  1037,  1018,   949,   945,  3.8, 0.0212, 1.1211, 012, 2.8958,  .59, 39.625, 0.0212,  .8426, 0.0212, 2.1171,  .59, 27.088, 0.0212, 1.3851, 0.0212, 2.8,  .59, 22.887, 0.0212, 1.1428, 0.0212,  .9793,  .59, 19.931, 0.0212,  .8951, 0.0212, 1.4116,  .517.400, 0.0212,  .7610, 0.0212,  .7813,  .59, 12.155, 0.0212, 1.3968, 0.0212, 1.6593,  .59, 11.116
2024-07-15T00:00:00.00000, 1144,"16-jul-24","00:00",  1120,  1006,   961,   969,   945,   906,   891,  3.8, 0.0212, 1.1099, 012, 2.8957,  .59, 40.639, 0.0212,  .8367, 0.0212, 2.1171,  .59, 27.805, 0.0212, 1.3765, 0.0212, 2.6,  .59, 23.506, 0.0212, 1.1368, 0.0212,  .9794,  .59, 20.482, 0.0212,  .8910, 0.0212, 1.4117,  .517.881, 0.0212,  .7586, 0.0212,  .7814,  .59, 12.499, 0.0212, 1.3926, 0.0212, 1.6594,  .59, 11.431
2024-07-15T00:00:00.00000, 1144,"16-jul-24","00:05",  1070,   971,   918,   917,   908,   864,   879,  3.8, 0.0212, 1.0992, 012, 2.8957,  .60, 41.624, 0.0212,  .8310, 0.0212, 2.1170,  .60, 28.509, 0.0212, 1.3683, 0.0212, 2.5,  .60, 24.108, 0.0212, 1.1312, 0.0212,  .9797,  .60, 21.012, 0.0212,  .8870, 0.0212, 1.4118,  .618.351, 0.0212,  .7562, 0.0212,  .7814,  .60, 12.834, 0.0212, 1.3884, 0.0212, 1.6597,  .60, 11.746
2024-07-15T00:00:00.00000, 1144,"16-jul-24","00:10",   956,   877,   844,   839,   832,   791,   804,  3.8, 0.0212, 1.0897, 012, 2.8956,  .60, 42.509, 0.0212,  .8258, 0.0212, 2.1170,  .60, 29.149, 0.0212, 1.3609, 0.0212, 2.6,  .60, 24.664, 0.0212, 1.1260, 0.0212,  .9798,  .60, 21.500, 0.0212,  .8833, 0.0212, 1.4119,  .618.784, 0.0212,  .7539, 0.0212,  .7815,  .60, 13.142, 0.0212, 1.3846, 0.0212, 1.6598,  .60, 12.037
2024-07-15T00:00:00.00000, 1144,"16-jul-24","00:15",   918,   848,   805,   823,   817,   822,   795,  3.8, 0.0212, 1.0806, 012, 2.8955,  .60, 43.359, 0.0212,  .8208, 0.0212, 2.1169,  .60, 29.768, 0.0212, 1.3538, 0.0212, 2.5,  .60, 25.194, 0.0212, 1.1210, 0.0212,  .9801,  .60, 21.979, 0.0212,  .8796, 0.0212, 1.4119,  .619.209, 0.0212,  .7517, 0.0212,  .7816,  .60, 13.462, 0.0212, 1.3808, 0.0212, 1.6600,  .60, 12.324
2024-07-15T00:00:00.00000, 1144,"16-jul-24","00:20",   805,   760,   724,   727,   727,   700,   721,  3.8, 0.0212, 1.0727, 012, 2.8954,  .60, 44.105, 0.0212,  .8164, 0.0212, 2.1169,  .60, 30.322, 0.0212, 1.3474, 0.0212, 2.5,  .60, 25.671, 0.0212, 1.1165, 0.0212,  .9802,  .60, 22.401, 0.0212,  .8764, 0.0212, 1.4120,  .619.588, 0.0212,  .7498, 0.0212,  .7817,  .60, 13.734, 0.0212, 1.3774, 0.0212, 1.6602,  .60, 12.584
2024-07-15T00:00:00.00000, 1144,"16-jul-24","00:25",   757,   711,   707,   719,   709,   728,   730,  3.8, 0.0212, 1.0654, 012, 2.8953,  .60, 44.806, 0.0212,  .8122, 0.0212, 2.1169,  .60, 30.841, 0.0212, 1.3411, 0.0212, 2.3,  .60, 26.137, 0.0212, 1.1121, 0.0212,  .9804,  .60, 22.819, 0.0212,  .8733, 0.0212, 1.4121,  .619.957, 0.0212,  .7478, 0.0212,  .7817,  .60, 14.018, 0.0212, 1.3740, 0.0212, 1.6603,  .60, 12.848
2024-07-15T00:00:00.00000, 1144,"16-jul-24","00:30",   780,   739,   716,   742,   747,   743,   751,  3.8, 0.0212, 1.0579, 012, 2.8953,  .60, 45.524, 0.0212,  .8080, 0.0212, 2.1167,  .60, 31.377, 0.0212, 1.3349, 0.0212, 2.3,  .60, 26.606, 0.0212, 1.1077, 0.0212,  .9806,  .60, 23.248, 0.0212,  .8701, 0.0212, 1.4121,  .620.343, 0.0212,  .7458, 0.0212,  .7818,  .60, 14.305, 0.0212, 1.3705, 0.0212, 1.6605,  .60, 13.118
2024-07-15T00:00:00.00000, 1144,"16-jul-24","00:35",   810,   789,   772,   789,   800,   813,   808,  3.8, 0.0212, 1.0501, 012, 2.8952,  .60, 46.274, 0.0212,  .8035, 0.0212, 2.1168,  .60, 31.952, 0.0212, 1.3283, 0.0212, 2.3,  .60, 27.115, 0.0212, 1.1029, 0.0212,  .9808,  .60, 23.707, 0.0212,  .8666, 0.0212, 1.4122,  .620.760, 0.0212,  .7436, 0.0212,  .7819,  .60, 14.622, 0.0212, 1.3667, 0.0212, 1.6607,  .60, 13.409
2024-07-15T00:00:00.00000, 1144,"16-jul-24","00:40",   938,   919,   908,   931,   928,   935,   969,  3.8, 0.0212, 1.0412, 012, 2.8952,  .60, 47.143, 0.0212,  .7982, 0.0212, 2.1168,  .60, 32.622, 0.0212, 1.3205, 0.0212, 2.3,  .60, 27.713, 0.0212, 1.0972, 0.0212,  .9809,  .60, 24.248, 0.0212,  .8625, 0.0212, 1.4122,  .621.243, 0.0212,  .7410, 0.0212,  .7819,  .60, 14.986, 0.0212, 1.3621, 0.0212, 1.6608,  .60, 13.759
2024-07-15T00:00:00.00000, 1144,"16-jul-24","00:45",   978,   975,   969,   998,  1013,  1039,  1025,  3.8, 0.0212, 1.0320, 012, 2.8951,  .60, 48.043, 0.0212,  .7927, 0.0212, 2.1167,  .60, 33.329, 0.0212, 1.3123, 0.0212, 2.3,  .60, 28.348, 0.0212, 1.0912, 0.0212,  .9810,  .60, 24.825, 0.0212,  .8582, 0.0212, 1.4123,  .621.767, 0.0212,  .7381, 0.0212,  .7820,  .60, 15.388, 0.0212, 1.3573, 0.0212, 1.6609,  .60, 14.127
2024-07-15T00:00:00.00000, 1144,"16-jul-24","00:50",  1124,  1091,  1052,  1086,  1085,  1078,  1080,  3.8, 0.0212, 1.0216, 012, 2.8951,  .60, 49.085, 0.0212,  .7866, 0.0212, 2.1167,  .60, 34.124, 0.0212, 1.3033, 0.0212, 2.2,  .60, 29.041, 0.0212, 1.0845, 0.0212,  .9811,  .60, 25.457, 0.0212,  .8535, 0.0212, 1.4123,  .622.332, 0.0212,  .7352, 0.0212,  .7820,  .60, 15.807, 0.0212, 1.3521, 0.0212, 1.6610,  .60, 14.517
2024-07-15T00:00:00.00000, 1144,"16-jul-24","00:55",  1038,  1010,  1002,  1030,  1042,  1039,  1051,  3.8, 0.0212, 1.0121, 012, 2.8950,  .59, 50.025, 0.0212,  .7811, 0.0212, 2.1165,  .59, 34.845, 0.0212, 1.2949, 0.0212, 2.0,  .59, 29.687, 0.0212, 1.0784, 0.0212,  .9812,  .59, 26.042, 0.0212,  .8491, 0.0212, 1.4123,  .522.862, 0.0212,  .7324, 0.0212,  .7820,  .59, 16.203, 0.0212, 1.3473, 0.0212, 1.6611,  .59, 14.888
2024-07-15T00:00:00.00000, 1144,"16-jul-24","01:00",  1057,  1048,  1030,  1060,  1063,  1080,  1089,  3.8, 0.0212, 1.0025, 012, 2.8949,  .60, 51.004, 0.0212,  .7753, 0.0212, 2.1165,  .60, 35.609, 0.0212, 1.2863, 0.0212, 2.0,  .60, 30.366, 0.0212, 1.0720, 0.0212,  .9813,  .60, 26.658, 0.0212,  .8445, 0.0212, 1.4123,  .623.416, 0.0212,  .7294, 0.0212,  .7820,  .60, 16.623, 0.0212, 1.3421, 0.0212, 1.6611,  .60, 15.282
2024-07-15T00:00:00.00000, 1144,"16-jul-24","01:05",   996,   994,   983,  1031,  1041,  1079,  1079,  3.8, 0.0212,  .9935, 012, 2.8949,  .60, 51.922, 0.0212,  .7699, 0.0212, 2.1165,  .60, 36.330, 0.0212, 1.2781, 0.0212, 2.9,  .60, 31.010, 0.0212, 1.0659, 0.0212,  .9814,  .60, 27.255, 0.0212,  .8401, 0.0212, 1.4123,  .623.954, 0.0212,  .7265, 0.0212,  .7821,  .60, 17.041, 0.0212, 1.3371, 0.0212, 1.6612,  .60, 15.669
2024-07-15T00:00:00.00000, 1144,"16-jul-24","01:10",  1042,   996,   980,   988,   998,   993,  1003,  3.8, 0.0212,  .9841, 012, 2.8948,  .60, 52.887, 0.0212,  .7644, 0.0212, 2.1165,  .60, 37.056, 0.0212, 1.2700, 0.0212, 2.9,  .60, 31.656, 0.0212, 1.0599, 0.0212,  .9814,  .60, 27.830, 0.0212,  .8358, 0.0212, 1.4123,  .624.474, 0.0212,  .7238, 0.0212,  .7821,  .60, 17.427, 0.0212, 1.3324, 0.0212, 1.6613,  .60, 16.031
2024-07-15T00:00:00.00000, 1144,"16-jul-24","01:15",   862,   866,   848,   876,   884,   893,   913,  3.8, 0.0212,  .9765, 012, 2.8948,  .60, 53.685, 0.0212,  .7597, 0.0212, 2.1165,  .60, 37.688, 0.0212, 1.2630, 0.0212, 2.8,  .60, 32.215, 0.0212, 1.0547, 0.0212,  .9815,  .60, 28.339, 0.0212,  .8321, 0.0212, 1.4123,  .624.934, 0.0212,  .7214, 0.0212,  .7821,  .60, 17.775, 0.0212, 1.3281, 0.0212, 1.6613,  .60, 16.361
2024-07-15T00:00:00.00000, 1144,"16-jul-24","01:20",   730,   723,   712,   736,   742,   756,   747,  3.8, 0.0212,  .9700, 012, 2.8947,  .60, 54.362, 0.0212,  .7558, 0.0212, 2.1164,  .60, 38.215, 0.0212, 1.2572, 0.0212, 2.8,  .60, 32.684, 0.0212, 1.0504, 0.0212,  .9816,  .60, 28.767, 0.0212,  .8290, 0.0212, 1.4124,  .625.321, 0.0212,  .7193, 0.0212,  .7821,  .60, 18.069, 0.0212, 1.3246, 0.0212, 1.6614,  .60, 16.631
2024-07-15T00:00:00.00000, 1144,"16-jul-24","01:25",   678,   664,   659,   683,   678,   666,   685,  3.8, 0.0212,  .9641, 012, 2.8947,  .60, 54.990, 0.0212,  .7523, 0.0212, 2.1164,  .60, 38.700, 0.0212, 1.2518, 0.0212, 2.7,  .60, 33.118, 0.0212, 1.0465, 0.0212,  .9817,  .60, 29.164, 0.0212,  .8262, 0.0212, 1.4124,  .625.674, 0.0212,  .7175, 0.0212,  .7822,  .60, 18.329, 0.0212, 1.3215, 0.0212, 1.6615,  .60, 16.878
2024-07-15T00:00:00.00000, 1144,"16-jul-24","01:30",   729,   708,   710,   741,   740,   688,   683,  3.8, 0.0212,  .9577, 012, 2.8947,  .60, 55.665, 0.0212,  .7485, 0.0212, 2.1165,  .60, 39.216, 0.0212, 1.2460, 0.0212, 2.7,  .60, 33.587, 0.0212, 1.0421, 0.0212,  .9818,  .60, 29.595, 0.0212,  .8231, 0.0212, 1.4124,  .626.059, 0.0212,  .7157, 0.0212,  .7822,  .60, 18.597, 0.0212, 1.3183, 0.0212, 1.6616,  .60, 17.125
2024-07-15T00:00:00.00000, 1144,"16-jul-24","01:35",  1292,  1085,  1008,   991,   957,   882,   860,  3.8, 0.0212,  .9466, 012, 2.8947,  .60, 56.862, 0.0212,  .7428, 0.0212, 2.1164,  .60, 40.008, 0.0212, 1.2379, 0.0212, 2.6,  .60, 34.251, 0.0212, 1.0364, 0.0212,  .9819,  .60, 30.172, 0.0212,  .8191, 0.0212, 1.4125,  .626.558, 0.0212,  .7134, 0.0212,  .7822,  .60, 18.940, 0.0212, 1.3144, 0.0212, 1.6617,  .60, 17.436
2024-07-15T00:00:00.00000, 1144,"16-jul-24","01:40",  1338,  1101,   985,   955,   928,   804,   801,  3.8, 0.0212,  .9351, 012, 2.8946,  .60, 58.101, 0.0212,  .7370, 0.0212, 2.1163,  .60, 40.811, 0.0212, 1.2300, 0.0212, 2.6,  .60, 34.900, 0.0212, 1.0309, 0.0212,  .9820,  .60, 30.727, 0.0212,  .8153, 0.0212, 1.4125,  .627.041, 0.0212,  .7113, 0.0212,  .7823,  .60, 19.253, 0.0212, 1.3108, 0.0212, 1.6618,  .60, 17.725
2024-07-15T00:00:00.00000, 1144,"16-jul-24","01:45",   941,   804,   749,   745,   724,   677,   665,  3.8, 0.0212,  .9272, 012, 2.8946,  .60, 58.973, 0.0212,  .7328, 0.0212, 2.1164,  .60, 41.398, 0.0212, 1.2240, 0.0212, 2.6,  .60, 35.394, 0.0212, 1.0266, 0.0212,  .9821,  .60, 31.160, 0.0212,  .8124, 0.0212, 1.4126,  .627.418, 0.0212,  .7095, 0.0212,  .7823,  .60, 19.516, 0.0212, 1.3078, 0.0212, 1.6619,  .60, 17.965
2024-07-15T00:00:00.00000, 1144,"16-jul-24","01:50",   922,   772,   712,   703,   668,   610,   597,  3.8, 0.0212,  .9195, 012, 2.8947,  .60, 59.823, 0.0212,  .7288, 0.0212, 2.1164,  .60, 41.958, 0.0212, 1.2184, 0.0212, 2.6,  .60, 35.861, 0.0212, 1.0226, 0.0212,  .9822,  .60, 31.567, 0.0212,  .8097, 0.0212, 1.4126,  .627.764, 0.0212,  .7079, 0.0212,  .7824,  .60, 19.753, 0.0212, 1.3051, 0.0212, 1.6620,  .60, 18.180
2024-07-15T00:00:00.00000, 1144,"16-jul-24","01:55",   926,   797,   736,   732,   714,   665,   671,  3.8, 0.0212,  .9119, 012, 2.8946,  .60, 60.682, 0.0212,  .7247, 0.0212, 2.1164,  .60, 42.539, 0.0212, 1.2126, 0.0212, 2.6,  .60, 36.346, 0.0212, 1.0185, 0.0212,  .9824,  .60, 31.993, 0.0212,  .8068, 0.0212, 1.4127,  .628.136, 0.0212,  .7062, 0.0212,  .7824,  .60, 20.012, 0.0212, 1.3021, 0.0212, 1.6622,  .60, 18.422
2024-07-15T00:00:00.00000, 1144,"16-jul-24","02:00",   966,   932,   894,   912,   911,   894,   869,  3.8, 0.0212,  .9039, 012, 2.8946,  .60, 61.576, 0.0212,  .7200, 0.0212, 2.1165,  .60, 43.219, 0.0212, 1.2056, 0.0212, 2.5,  .60, 36.935, 0.0212, 1.0133, 0.0212,  .9824,  .60, 32.523, 0.0212,  .8031, 0.0212, 1.4127,  .628.610, 0.0212,  .7038, 0.0212,  .7825,  .60, 20.360, 0.0212, 1.2981, 0.0212, 1.6623,  .60, 18.736
2024-07-15T00:00:00.00000, 1144,"16-jul-24","02:05",   767,   793,   784,   810,   801,   792,   808,  3.8, 0.0212,  .8977, 012, 2.8946,  .60, 62.283, 0.0212,  .7160, 0.0212, 2.1164,  .60, 43.794, 0.0212, 1.1995, 0.0212, 2.6,  .60, 37.449, 0.0212, 1.0088, 0.0212,  .9825,  .60, 32.991, 0.0212,  .7998, 0.0212, 1.4127,  .629.025, 0.0212,  .7018, 0.0212,  .7825,  .60, 20.666, 0.0212, 1.2945, 0.0212, 1.6623,  .60, 19.026
2024-07-15T00:00:00.00000, 1144,"16-jul-24","02:10",   707,   728,   727,   745,   748,   736,   731,  3.8, 0.0212,  .8920, 012, 2.8947,  .60, 62.934, 0.0212,  .7124, 0.0212, 2.1165,  .60, 44.322, 0.0212, 1.1939, 0.0212, 2.5,  .60, 37.925, 0.0212, 1.0046, 0.0212,  .9825,  .60, 33.423, 0.0212,  .7968, 0.0212, 1.4127,  .629.412, 0.0212,  .6998, 0.0212,  .7825,  .60, 20.951, 0.0212, 1.2912, 0.0212, 1.6624,  .60, 19.289
2024-07-15T00:00:00.00000, 1144,"16-jul-24","02:15",   793,   830,   821,   845,   867,   856,   852,  3.8, 0.0212,  .8856, 012, 2.8946,  .60, 63.669, 0.0212,  .7081, 0.0212, 2.1163,  .60, 44.927, 0.0212, 1.1875, 0.0212, 2.4,  .60, 38.466, 0.0212,  .9998, 0.0212,  .9826,  .60, 33.914, 0.0212,  .7933, 0.0212, 1.4128,  .629.864, 0.0212,  .6976, 0.0212,  .7825,  .60, 21.285, 0.0212, 1.2873, 0.0212, 1.6624,  .60, 19.597
2024-07-15T00:00:00.00000, 1144,"16-jul-24","02:20",   671,   693,   673,   691,   691,   693,   696,  3.8, 0.0212,  .8803, 012, 2.8947,  .60, 64.291, 0.0212,  .7047, 0.0212, 2.1163,  .60, 45.433, 0.0212, 1.1823, 0.0212, 2.4,  .60, 38.911, 0.0212,  .9960, 0.0212,  .9827,  .60, 34.316, 0.0212,  .7906, 0.0212, 1.4128,  .630.224, 0.0212,  .6958, 0.0212,  .7826,  .60, 21.555, 0.0212, 1.2842, 0.0212, 1.6625,  .60, 19.848
2024-07-15T00:00:00.00000, 1144,"16-jul-24","02:25",   664,   681,   664,   674,   668,   642,   650,  3.8, 0.0212,  .8750, 012, 2.8946,  .60, 64.903, 0.0212,  .7013, 0.0212, 2.1165,  .60, 45.928, 0.0212, 1.1773, 0.0212, 2.5,  .60, 39.346, 0.0212,  .9923, 0.0212,  .9828,  .60, 34.706, 0.0212,  .7880, 0.0212, 1.4129,  .630.570, 0.0212,  .6941, 0.0212,  .7826,  .60, 21.803, 0.0212, 1.2813, 0.0212, 1.6626,  .60, 20.082
2024-07-15T00:00:00.00000, 1144,"16-jul-24","02:30",   675,   686,   675,   704,   709,   708,   688,  3.8, 0.0212,  .8697, 012, 2.8946,  .60, 65.529, 0.0212,  .6979, 0.0212, 2.1165,  .60, 46.428, 0.0212, 1.1722, 0.0212, 2.4,  .60, 39.791, 0.0212,  .9884, 0.0212,  .9829,  .60, 35.115, 0.0212,  .7852, 0.0212, 1.4129,  .630.940, 0.0212,  .6923, 0.0212,  .7826,  .60, 22.079, 0.0212, 1.2783, 0.0212, 1.6627,  .60, 20.331
2024-07-15T00:00:00.00000, 1144,"16-jul-24","02:35",   717,   754,   747,   767,   771,   732,   752,  3.8, 0.0212,  .8641, 012, 2.8946,  .60, 66.193, 0.0212,  .6942, 0.0212, 2.1165,  .60, 46.978, 0.0212, 1.1665, 0.0212, 2.5,  .60, 40.284, 0.0212,  .9842, 0.0212,  .9830,  .60, 35.562, 0.0212,  .7821, 0.0212, 1.4129,  .631.341, 0.0212,  .6904, 0.0212,  .7827,  .60, 22.364, 0.0212, 1.2750, 0.0212, 1.6628,  .60, 20.603
2024-07-15T00:00:00.00000, 1144,"16-jul-24","02:40",   649,   632,   614,   630,   629,   619,   611,  3.8, 0.0212,  .8591, 012, 2.8947,  .60, 66.794, 0.0212,  .6912, 0.0212, 2.1166,  .60, 47.440, 0.0212, 1.1619, 0.0212, 2.5,  .60, 40.689, 0.0212,  .9808, 0.0212,  .9831,  .60, 35.929, 0.0212,  .7797, 0.0212, 1.4130,  .631.669, 0.0212,  .6889, 0.0212,  .7828,  .60, 22.605, 0.0212, 1.2723, 0.0212, 1.6629,  .60, 20.823
2024-07-15T00:00:00.00000, 1144,"16-jul-24","02:45",   556,   557,   549,   555,   547,   525,   519,  3.8, 0.0212,  .8548, 012, 2.8948,  .60, 67.310, 0.0212,  .6885, 0.0212, 2.1166,  .60, 47.846, 0.0212, 1.1578, 0.0212, 2.5,  .60, 41.051, 0.0212,  .9778, 0.0212,  .9832,  .60, 36.252, 0.0212,  .7776, 0.0212, 1.4131,  .631.953, 0.0212,  .6876, 0.0212,  .7828,  .60, 22.810, 0.0212, 1.2701, 0.0212, 1.6631,  .60, 21.011
2024-07-15T00:00:00.00000, 1144,"16-jul-24","02:50",   592,   616,   579,   606,   597,   584,   574,  3.8, 0.0212,  .8503, 012, 2.8948,  .60, 67.856, 0.0212,  .6855, 0.0212, 2.1167,  .60, 48.293, 0.0212, 1.1534, 0.0212, 2.4,  .60, 41.431, 0.0212,  .9745, 0.0212,  .9833,  .60, 36.603, 0.0212,  .7753, 0.0212, 1.4131,  .632.263, 0.0212,  .6861, 0.0212,  .7829,  .60, 23.036, 0.0212, 1.2676, 0.0212, 1.6632,  .60, 21.217
2024-07-15T00:00:00.00000, 1144,"16-jul-24","02:55",   572,   563,   566,   566,   575,   554,   562,  3.8, 0.0212,  .8459, 012, 2.8948,  .60, 68.387, 0.0212,  .6827, 0.0212, 2.1165,  .60, 48.704, 0.0212, 1.1493, 0.0212, 2.6,  .60, 41.804, 0.0212,  .9715, 0.0212,  .9834,  .60, 36.932, 0.0212,  .7730, 0.0212, 1.4132,  .632.562, 0.0212,  .6847, 0.0212,  .7829,  .60, 23.252, 0.0212, 1.2652, 0.0212, 1.6634,  .60, 21.420
2024-07-15T00:00:00.00000, 1144,"16-jul-24","03:00",   796,   856,   846,   872,   871,   859,   852,  3.8, 0.0212,  .8398, 012, 2.8949,  .60, 69.124, 0.0212,  .6787, 0.0212, 2.1167,  .60, 49.329, 0.0212, 1.1431, 0.0212, 2.6,  .60, 42.361, 0.0212,  .9668, 0.0212,  .9835,  .60, 37.439, 0.0212,  .7697, 0.0212, 1.4133,  .633.015, 0.0212,  .6826, 0.0212,  .7830,  .60, 23.587, 0.0212, 1.2614, 0.0212, 1.6635,  .60, 21.728
2024-07-15T00:00:00.00000, 1144,"16-jul-24","03:05",   680,   700,   684,   706,   707,   686,   692,  3.8, 0.0212,  .8347, 012, 2.8949,  .60, 69.754, 0.0212,  .6753, 0.0212, 2.1167,  .60, 49.839, 0.0212, 1.1380, 0.0212, 2.6,  .60, 42.812, 0.0212,  .9631, 0.0212,  .9836,  .60, 37.850, 0.0212,  .7669, 0.0212, 1.4133,  .633.384, 0.0212,  .6809, 0.0212,  .7830,  .60, 23.854, 0.0212, 1.2584, 0.0212, 1.6636,  .60, 21.978
2024-07-15T00:00:00.00000, 1144,"16-jul-24","03:10",   677,   692,   686,   702,   700,   668,   679,  3.8, 0.0212,  .8296, 012, 2.8949,  .60, 70.378, 0.0212,  .6720, 0.0212, 2.1167,  .60, 50.342, 0.0212, 1.1330, 0.0212, 2.7,  .60, 43.262, 0.0212,  .9593, 0.0212,  .9837,  .60, 38.256, 0.0212,  .7643, 0.0212, 1.4134,  .633.746, 0.0212,  .6792, 0.0212,  .7831,  .60, 24.112, 0.0212, 1.2555, 0.0212, 1.6637,  .60, 22.222
2024-07-15T00:00:00.00000, 1144,"16-jul-24","03:15",   739,   759,   745,   765,   761,   777,   751,  3.8, 0.0212,  .8241, 012, 2.8949,  .60, 71.064, 0.0212,  .6685, 0.0212, 2.1168,  .60, 50.896, 0.0212, 1.1276, 0.0212, 2.7,  .60, 43.753, 0.0212,  .9553, 0.0212,  .9839,  .60, 38.701, 0.0212,  .7614, 0.0212, 1.4134,  .634.143, 0.0212,  .6773, 0.0212,  .7831,  .60, 24.415, 0.0212, 1.2523, 0.0212, 1.6638,  .60, 22.493
2024-07-15T00:00:00.00000, 1144,"16-jul-24","03:20",   878,   919,   916,   945,   947,   922,   944,  3.8, 0.0212,  .8176, 012, 2.8949,  .60, 71.878, 0.0212,  .6641, 0.0212, 2.1167,  .60, 51.567, 0.0212, 1.1209, 0.0212, 2.7,  .60, 44.357, 0.0212,  .9503, 0.0212,  .9840,  .60, 39.251, 0.0212,  .7577, 0.0212, 1.4135,  .634.636, 0.0212,  .6749, 0.0212,  .7832,  .60, 24.774, 0.0212, 1.2482, 0.0212, 1.6640,  .60, 22.834
2024-07-15T00:00:00.00000, 1144,"16-jul-24","03:25",  1674,  1732,  1695,  1753,  1769,  1748,  1743,  3.8, 0.0212,  .8053, 012, 2.8949,  .60, 73.429, 0.0212,  .6560, 0.0212, 2.1166,  .60, 52.830, 0.0212, 1.1086, 0.0212, 2.5,  .60, 45.474, 0.0212,  .9409, 0.0212,  .9841,  .60, 40.271, 0.0212,  .7510, 0.0212, 1.4135,  .635.558, 0.0212,  .6705, 0.0212,  .7832,  .60, 25.455, 0.0212, 1.2405, 0.0212, 1.6641,  .60, 23.464
2024-07-15T00:00:00.00000, 1144,"16-jul-24","03:30",  1261,  1276,  1258,  1269,  1271,  1212,  1214,  3.8, 0.0212,  .7976, 012, 2.8949,  .51, 74.416, 0.0212,  .6510, 0.0212, 2.1166,  .51, 53.617, 0.0212, 1.1011, 0.0212, 2.6,  .51, 46.175, 0.0212,  .9352, 0.0212,  .9841,  .51, 40.895, 0.0212,  .7470, 0.0212, 1.4136,  .536.117, 0.0212,  .6680, 0.0212,  .7832,  .51, 25.854, 0.0212, 1.2361, 0.0212, 1.6642,  .51, 23.835
2024-07-15T00:00:00.00000, 1144,"16-jul-24","03:35",  1137,  1091,  1040,  1060,  1038,   997,   994,  3.8, 0.0212,  .7899, 012, 2.8949,  .57, 75.423, 0.0212,  .6463, 0.0212, 2.1167,  .57, 54.378, 0.0212, 1.0941, 0.0212, 2.7,  .57, 46.831, 0.0212,  .9300, 0.0212,  .9842,  .57, 41.485, 0.0212,  .7433, 0.0212, 1.4136,  .536.634, 0.0212,  .6656, 0.0212,  .7833,  .57, 26.225, 0.0212, 1.2320, 0.0212, 1.6643,  .57, 24.178
2024-07-15T00:00:00.00000, 1144,"16-jul-24","03:40",  1484,  1283,  1188,  1190,  1153,  1048,  1031,  3.8, 0.0212,  .7793, 012, 2.8949,  .60, 76.799, 0.0212,  .6405, 0.0212, 2.1167,  .60, 55.314, 0.0212, 1.0857, 0.0212, 2.6,  .60, 47.614, 0.0212,  .9238, 0.0212,  .9843,  .60, 42.178, 0.0212,  .7389, 0.0212, 1.4137,  .637.234, 0.0212,  .6630, 0.0212,  .7833,  .60, 26.633, 0.0212, 1.2276, 0.0212, 1.6644,  .60, 24.550
2024-07-15T00:00:00.00000, 1144,"16-jul-24","03:45",  1220,  1089,  1028,  1019,  1017,   940,   926,  3.8, 0.0212,  .7712, 012, 2.8949,  .57, 77.880, 0.0212,  .6358, 0.0212, 2.1167,  .57, 56.074, 0.0212, 1.0788, 0.0212, 2.6,  .57, 48.262, 0.0212,  .9188, 0.0212,  .9844,  .57, 42.745, 0.0212,  .7353, 0.0212, 1.4137,  .537.741, 0.0212,  .6608, 0.0212,  .7833,  .57, 26.983, 0.0212, 1.2238, 0.0212, 1.6645,  .57, 24.870
2024-07-15T00:00:00.00000, 1144,"16-jul-24","03:50",  1205,  1113,  1065,  1070,  1045,   992,   978,  3.8, 0.0212,  .7629, 012, 2.8949,  .60, 78.996, 0.0212,  .6308, 0.0212, 2.1167,  .60, 56.886, 0.0212, 1.0714, 0.0212, 2.6,  .60, 48.965, 0.0212,  .9133, 0.0212,  .9845,  .60, 43.367, 0.0212,  .7315, 0.0212, 1.4138,  .638.285, 0.0212,  .6584, 0.0212,  .7834,  .60, 27.370, 0.0212, 1.2196, 0.0212, 1.6646,  .60, 25.224
2024-07-15T00:00:00.00000, 1144,"16-jul-24","03:55",  1734,  1510,  1402,  1395,  1354,  1252,  1216,  3.8, 0.0212,  .7513, 012, 2.8948,  .59, 80.568, 0.0212,  .6243, 0.0212, 2.1167,  .59, 57.964, 0.0212, 1.0619, 0.0212, 2.5,  .59, 49.868, 0.0212,  .9063, 0.0212,  .9846,  .59, 44.161, 0.0212,  .7266, 0.0212, 1.4137,  .538.974, 0.0212,  .6554, 0.0212,  .7834,  .59, 27.846, 0.0212, 1.2145, 0.0212, 1.6646,  .59, 25.653
2024-07-15T00:00:00.00000, 1144,"16-jul-24","04:00",  1168,  1144,  1109,  1139,  1138,  1091,  1089,  3.8, 0.0212,  .7441, 012, 2.8948,  .55, 81.554, 0.0212,  .6197, 0.0212, 2.1167,  .55, 58.725, 0.0212, 1.0549, 0.0212, 2.5,  .55, 50.535, 0.0212,  .9011, 0.0212,  .9847,  .55, 44.765, 0.0212,  .7228, 0.0212, 1.4138,  .539.515, 0.0212,  .6530, 0.0212,  .7835,  .55, 28.234, 0.0212, 1.2103, 0.0212, 1.6647,  .55, 26.012
2024-07-15T00:00:00.00000, 1144,"16-jul-24","04:05",  1630,  1494,  1423,  1425,  1418,  1323,  1326,  3.8, 0.0212,  .7335, 012, 2.8948,  .59, 83.032, 0.0212,  .6134, 0.0212, 2.1168,  .59, 59.791, 0.0212, 1.0455, 0.0212, 2.5,  .59, 51.453, 0.0212,  .8940, 0.0212,  .9847,  .59, 45.576, 0.0212,  .7178, 0.0212, 1.4139,  .540.237, 0.0212,  .6498, 0.0212,  .7835,  .59, 28.738, 0.0212, 1.2048, 0.0212, 1.6648,  .59, 26.481
2024-07-15T00:00:00.00000, 1144,"16-jul-24","04:10",  1526,  1443,  1386,  1408,  1394,  1325,  1332,  3.8, 0.0212,  .7244, 012, 2.8947,  .55, 84.321, 0.0212,  .6077, 0.0212, 2.1167,  .55, 60.751, 0.0212, 1.0370, 0.0212, 2.5,  .55, 52.286, 0.0212,  .8875, 0.0212,  .9847,  .55, 46.323, 0.0212,  .7132, 0.0212, 1.4138,  .540.899, 0.0212,  .6468, 0.0212,  .7835,  .55, 29.208, 0.0212, 1.1997, 0.0212, 1.6648,  .55, 26.919
2024-07-15T00:00:00.00000, 1144,"16-jul-24","04:15",  1444,  1406,  1362,  1393,  1391,  1390,  1361,  3.8, 0.0212,  .7158, 012, 2.8947,  .55, 85.541, 0.0212,  .6022, 0.0212, 2.1166,  .55, 61.687, 0.0212, 1.0287, 0.0212, 2.5,  .55, 53.105, 0.0212,  .8812, 0.0212,  .9848,  .55, 47.062, 0.0212,  .7086, 0.0212, 1.4138,  .541.560, 0.0212,  .6438, 0.0212,  .7835,  .55, 29.702, 0.0212, 1.1944, 0.0212, 1.6649,  .55, 27.368
2024-07-15T00:00:00.00000, 1144,"16-jul-24","04:20",  1311,  1321,  1292,  1340,  1347,  1320,  1331,  3.8, 0.0212,  .7082, 012, 2.8946,  .55, 86.650, 0.0212,  .5971, 0.0212, 2.1165,  .55, 62.566, 0.0212, 1.0209, 0.0212, 2.5,  .55, 53.882, 0.0212,  .8751, 0.0212,  .9848,  .55, 47.774, 0.0212,  .7043, 0.0212, 1.4139,  .542.200, 0.0212,  .6409, 0.0212,  .7835,  .55, 30.171, 0.0212, 1.1893, 0.0212, 1.6649,  .55, 27.807
2024-07-15T00:00:00.00000, 1144,"16-jul-24","04:25",  1291,  1278,  1247,  1286,  1298,  1267,  1251,  3.8, 0.0212,  .7005, 012, 2.8946,  .56, 87.768, 0.0212,  .5921, 0.0212, 2.1165,  .56, 63.437, 0.0212, 1.0132, 0.0212, 2.3,  .56, 54.650, 0.0212,  .8693, 0.0212,  .9849,  .56, 48.473, 0.0212,  .7000, 0.0212, 1.4139,  .542.832, 0.0212,  .6380, 0.0212,  .7836,  .56, 30.632, 0.0212, 1.1844, 0.0212, 1.6650,  .56, 28.229
2024-07-15T00:00:00.00000, 1144,"16-jul-24","04:30",   957,   989,   983,  1004,  1017,   989,  1005,  3.8, 0.0212,  .6949, 012, 2.8946,  .56, 88.592, 0.0212,  .5883, 0.0212, 2.1166,  .56, 64.107, 0.0212, 1.0073, 0.0212, 2.4,  .56, 55.252, 0.0212,  .8647, 0.0212,  .9850,  .56, 49.015, 0.0212,  .6967, 0.0212, 1.4139,  .543.324, 0.0212,  .6358, 0.0212,  .7836,  .56, 30.990, 0.0212, 1.1805, 0.0212, 1.6650,  .56, 28.566
2024-07-15T00:00:00.00000, 1144,"16-jul-24","04:35",   905,   940,   926,   956,   966,   962,   964,  3.8, 0.0212,  .6893, 012, 2.8946,  .60, 89.431, 0.0212,  .5844, 0.0212, 2.1165,  .60, 64.793, 0.0212, 1.0012, 0.0212, 2.3,  .60, 55.863, 0.0212,  .8601, 0.0212,  .9851,  .60, 49.572, 0.0212,  .6933, 0.0212, 1.4139,  .643.827, 0.0212,  .6336, 0.0212,  .7836,  .60, 31.365, 0.0212, 1.1766, 0.0212, 1.6651,  .60, 28.915
2024-07-15T00:00:00.00000, 1144,"16-jul-24","04:40",  1053,  1080,  1067,  1102,  1109,  1091,  1104,  3.8, 0.0212,  .6828, 012, 2.8946,  .60, 90.408, 0.0212,  .5800, 0.0212, 2.1165,  .60, 65.582, 0.0212,  .9943, 0.0212, 2.2,  .60, 56.566, 0.0212,  .8548, 0.0212,  .9851,  .60, 50.213, 0.0212,  .6894, 0.0212, 1.4140,  .644.405, 0.0212,  .6310, 0.0212,  .7836,  .60, 31.790, 0.0212, 1.1720, 0.0212, 1.6652,  .60, 29.314
2024-07-15T00:00:00.00000, 1144,"16-jul-24","04:45",  1245,  1264,  1230,  1277,  1266,  1259,  1259,  3.8, 0.0212,  .6754, 012, 2.8945,  .59, 91.537, 0.0212,  .5750, 0.0212, 2.1165,  .59, 66.484, 0.0212,  .9866, 0.0212, 2.2,  .59, 57.360, 0.0212,  .8489, 0.0212,  .9852,  .59, 50.940, 0.0212,  .6851, 0.0212, 1.4139,  .545.050, 0.0212,  .6281, 0.0212,  .7837,  .59, 32.270, 0.0212, 1.1669, 0.0212, 1.6652,  .59, 29.759
2024-07-15T00:00:00.00000, 1144,"16-jul-24","04:50",  1141,  1170,  1160,  1186,  1209,  1182,  1184,  3.8, 0.0212,  .6688, 012, 2.8945,  .57, 92.542, 0.0212,  .5704, 0.0212, 2.1164,  .57, 67.296, 0.0212,  .9796, 0.0212, 2.1,  .57, 58.087, 0.0212,  .8434, 0.0212,  .9852,  .57, 51.596, 0.0212,  .6811, 0.0212, 1.4139,  .545.649, 0.0212,  .6254, 0.0212,  .7836,  .57, 32.707, 0.0212, 1.1623, 0.0212, 1.6653,  .57, 30.166
2024-07-15T00:00:00.00000, 1144,"16-jul-24","04:55",  1184,  1242,  1241,  1305,  1303,  1315,  1323,  3.8, 0.0212,  .6620, 012, 2.8945,  .57, 93.591, 0.0212,  .5657, 0.0212, 2.1164,  .57, 68.162, 0.0212,  .9721, 0.0212, 2.2,  .57, 58.869, 0.0212,  .8376, 0.0212,  .9853,  .57, 52.322, 0.0212,  .6769, 0.0212, 1.4140,  .546.298, 0.0212,  .6225, 0.0212,  .7837,  .57, 33.197, 0.0212, 1.1572, 0.0212, 1.6653,  .57, 30.623
2024-07-15T00:00:00.00000, 1144,"16-jul-24","05:00",  1375,  1489,  1502,  1556,  1569,  1609,  1601,  3.8, 0.0212,  .6545, 012, 2.8945,  .56, 94.782, 0.0212,  .5602, 0.0212, 2.1164,  .56, 69.177, 0.0212,  .9634, 0.0212, 2.2,  .56, 59.794, 0.0212,  .8308, 0.0212,  .9854,  .56, 53.168, 0.0212,  .6719, 0.0212, 1.4140,  .547.062, 0.0212,  .6190, 0.0212,  .7837,  .56, 33.783, 0.0212, 1.1511, 0.0212, 1.6654,  .56, 31.163
2024-07-15T00:00:00.00000, 1144,"16-jul-24","05:05",  1544,  1648,  1649,  1714,  1761,  1759,  1761,  3.8, 0.0212,  .6464, 012, 2.8944,  .53, 96.056, 0.0212,  .5545, 0.0212, 2.1163,  .53, 70.247, 0.0212,  .9543, 0.0212, 2.1,  .53, 60.762, 0.0212,  .8236, 0.0212,  .9854,  .53, 54.055, 0.0212,  .6666, 0.0212, 1.4140,  .547.878, 0.0212,  .6154, 0.0212,  .7837,  .53, 34.392, 0.0212, 1.1447, 0.0212, 1.6654,  .53, 31.729
2024-07-15T00:00:00.00000, 1144,"16-jul-24","05:10",  1621,  1716,  1716,  1795,  1814,  1834,  1825,  3.8, 0.0212,  .6385, 012, 2.8944,  .51, 97.326, 0.0212,  .5488, 0.0212, 2.1162,  .51, 71.307, 0.0212,  .9453, 0.0212, 2.0,  .51, 61.719, 0.0212,  .8166, 0.0212,  .9854,  .51, 54.939, 0.0212,  .6615, 0.0212, 1.4140,  .548.677, 0.0212,  .6118, 0.0212,  .7837,  .51, 34.996, 0.0212, 1.1384, 0.0212, 1.6654,  .51, 32.287
2024-07-15T00:00:00.00000, 1144,"16-jul-24","05:15",  1489,  1578,  1574,  1632,  1658,  1669,  1688,  3.8, 0.0212,  .6315, 012, 2.8943,  .50, 98.471, 0.0212,  .5438, 0.0212, 2.1163,  .50, 72.261, 0.0212,  .9374, 0.0212, 2.0,  .50, 62.579, 0.0212,  .8103, 0.0212,  .9853,  .50, 55.726, 0.0212,  .6569, 0.0212, 1.4139,  .549.393, 0.0212,  .6086, 0.0212,  .7837,  .50, 35.535, 0.0212, 1.1328, 0.0212, 1.6654,  .50, 32.793
2024-07-15T00:00:00.00000, 1144,"16-jul-24","05:20",  1605,  1715,  1704,  1772,  1797,  1810,  1836,  3.8, 0.0212,  .6236, 012, 2.8943,  .52, 99.770, 0.0212,  .5381, 0.0212, 2.1163,  .52, 73.355, 0.0212,  .9285, 0.0212, 2.0,  .52, 63.561, 0.0212,  .8032, 0.0212,  .9854,  .52, 56.627, 0.0212,  .6517, 0.0212, 1.4139,  .550.211, 0.0212,  .6050, 0.0212,  .7837,  .52, 36.151, 0.0212, 1.1264, 0.0212, 1.6654,  .52, 33.372
2024-07-15T00:00:00.00000, 1144,"16-jul-24","05:25",  1625,  1707,  1723,  1790,  1826,  1842,  1858,  3.8, 0.0212,  .6159, 012, 2.8943,  .51,101.053, 0.0212,  .5327, 0.0212, 2.1162,  .51, 74.416, 0.0212,  .9197, 0.0212, 2.9,  .51, 64.528, 0.0212,  .7963, 0.0212,  .9854,  .51, 57.514, 0.0212,  .6466, 0.0212, 1.4139,  .551.021, 0.0212,  .6014, 0.0212,  .7837,  .51, 36.762, 0.0212, 1.1201, 0.0212, 1.6654,  .51, 33.944
2024-07-15T00:00:00.00000, 1144,"16-jul-24","05:30",  1544,  1661,  1662,  1748,  1782,  1873,  1864,  3.8, 0.0212,  .6089, 012, 2.8939,  .49,102.232, 0.0212,  .5276, 0.0212, 2.1162,  .49, 75.415, 0.0212,  .9116, 0.0212, 2.8,  .49, 65.431, 0.0212,  .7899, 0.0212,  .9854,  .49, 58.352, 0.0212,  .6419, 0.0212, 1.4140,  .451.786, 0.0212,  .5980, 0.0212,  .7838,  .49, 37.363, 0.0212, 1.1140, 0.0212, 1.6654,  .49, 34.499
2024-07-15T00:00:00.00000, 1144,"16-jul-24","05:35",  1379,  1477,  1478,  1555,  1589,  1630,  1632,  3.8, 0.0212,  .6025, 012, 2.8938,  .51,103.321, 0.0212,  .5230, 0.0212, 2.1163,  .51, 76.333, 0.0212,  .9042, 0.0212, 2.8,  .51, 66.262, 0.0212,  .7842, 0.0212,  .9857,  .51, 59.123, 0.0212,  .6376, 0.0212, 1.4141,  .552.491, 0.0212,  .5950, 0.0212,  .7839,  .51, 37.904, 0.0212, 1.1087, 0.0212, 1.6656,  .51, 35.002
2024-07-15T00:00:00.00000, 1144,"16-jul-24","05:40",  1448,  1374,  1565,  1672,  1594,  1853,  1928,  3.8, 0.0212,  .5957, 012, 2.8944,  .53,104.516, 0.0212,  .5183, 0.0212, 2.1155,  .53, 77.226, 0.0212,  .8962, 0.0212, 2.0,  .53, 67.180, 0.0212,  .7782, 0.0212,  .9864,  .53, 59.989, 0.0212,  .6332, 0.0212, 1.4144,  .553.230, 0.0212,  .5916, 0.0212,  .7842,  .53, 38.547, 0.0212, 1.1027, 0.0212, 1.6668,  .53, 35.622
2024-07-15T00:00:00.00000, 1144,"16-jul-24","05:45",  1296,  1387,  1398,  1454,  1464,  1480,  1508,  3.8, 0.0212,  .5896, 012, 2.8938,  .52,105.566, 0.0212,  .5138, 0.0212, 2.1150,  .52, 78.111, 0.0212,  .8891, 0.0212, 2.7,  .52, 67.986, 0.0212,  .7729, 0.0212,  .9867,  .52, 60.729, 0.0212,  .6291, 0.0212, 1.4144,  .553.897, 0.0212,  .5887, 0.0212,  .7842,  .52, 39.050, 0.0212, 1.0977, 0.0212, 1.6669,  .52, 36.098
2024-07-15T00:00:00.00000, 1144,"16-jul-24","05:50",  1234,  1305,  1285,  1346,  1373,  1367,  1389,  3.8, 0.0212,  .5837, 012, 2.8940,  .55,106.611, 0.0212,  .5096, 0.0212, 2.1153,  .55, 78.980, 0.0212,  .8825, 0.0212, 2.0,  .55, 68.760, 0.0212,  .7680, 0.0212,  .9874,  .55, 61.444, 0.0212,  .6254, 0.0212, 1.4149,  .554.550, 0.0212,  .5862, 0.0212,  .7845,  .55, 39.536, 0.0212, 1.0933, 0.0212, 1.6677,  .55, 36.557
2024-07-15T00:00:00.00000, 1144,"16-jul-24","05:55",  1228,  1365,  1323,  1339,  1584,  1704,  1847,  3.8, 0.0212,  .5778, 012, 2.8940,  .56,107.675, 0.0212,  .5062, 0.0212, 2.1201,  .56, 79.911, 0.0212,  .8765, 0.0212, 2.4,  .56, 69.576, 0.0212,  .7639, 0.0212,  .9891,  .56, 62.173, 0.0212,  .6223, 0.0212, 1.4187,  .555.321, 0.0212,  .5839, 0.0212,  .7861,  .56, 40.157, 0.0212, 1.0894, 0.0212, 1.6721,  .56, 37.181
2024-07-15T00:00:00.00000, 1144,"16-jul-24","06:00",  1282,  1373,  1274,  1331,  1438,  1402,  1419,  3.8, 0.0212,  .5723, 012, 2.8961,  .54,108.738, 0.0212,  .5019, 0.0212, 2.1202,  .54, 80.808, 0.0212,  .8700, 0.0212, 2.2,  .54, 70.328, 0.0212,  .7597, 0.0212,  .9904,  .54, 62.866, 0.0212,  .6186, 0.0212, 1.4194,  .555.992, 0.0212,  .5815, 0.0212,  .7866,  .54, 40.646, 0.0212, 1.0857, 0.0212, 1.6739,  .54, 37.639
2024-07-15T00:00:00.00000, 1144,"16-jul-24","06:05",  1718,  1850,  1882,  1913,  2240,  2773,  2873,  3.8, 0.0212,  .5649, 012, 2.9001,  .56,110.223, 0.0212,  .4971, 0.0212, 2.1257,  .56, 82.067, 0.0212,  .8618, 0.0212, 2.8,  .56, 71.484, 0.0212,  .7551, 0.0212,  .9943,  .56, 63.904, 0.0212,  .6146, 0.0212, 1.4252,  .557.080, 0.0212,  .5780, 0.0212,  .7895,  .56, 41.653, 0.0212, 1.0803, 0.0212, 1.6816,  .56, 38.607
2024-07-15T00:00:00.00000, 1144,"16-jul-24","17:40",  4775,  4787,  4653,  4922,  5092,  5134,  5145,  3.8, 0.0212,  .5168, 0.0212, 2.8746,  .14,119.014, 0.0212,  .4479, 0.0212, 2.1065,  .14, 91.262, 0.0212,  .7754, 0.0212, 2.0435,  .14, 80.313, 0.0212,  .6704, 0.0212,  .9794,  .14, 72.692, 0.0212,  .5520, 0.0212, 1.4076,  .14, 65.685, 0.0212,  .5255, 0.0212,  .7788,  .14, 47.680, 0.0212,  .9899, 0.0212, 1.6561,  .14, 44.504
2024-07-15T00:00:00.00000, 1144,"16-jul-24","17:45",  4345,  4365,  4393,  4523,  4506,  4463,  4653,  3.8, 0.0212,  .5134, 0.0212, 2.8746,  .10,119.704, 0.0212,  .4455, 0.0212, 2.1066,  .10, 91.807, 0.0212,  .7717, 0.0212, 2.0435,  .10, 80.809, 0.0212,  .6674, 0.0212,  .9794,  .10, 73.143, 0.0212,  .5498, 0.0212, 1.4076,  .10, 66.087, 0.0212,  .5239, 0.0212,  .7787,  .10, 47.978, 0.0212,  .9871, 0.0212, 1.6561,  .10, 44.792
2024-07-15T00:00:00.00000, 1144,"16-jul-24","17:50",  4305,  4260,  4235,  4411,  4558,  4581,  4566,  3.8, 0.0212,  .5080, 0.0212, 2.8746,  .16,120.807, 0.0212,  .4419, 0.0212, 2.1066,  .16, 92.667, 0.0212,  .7659, 0.0212, 2.0435,  .16, 81.581, 0.0212,  .6629, 0.0212,  .9794,  .16, 73.853, 0.0212,  .5464, 0.0212, 1.4076,  .16, 66.743, 0.0212,  .5215, 0.0212,  .7787,  .16, 48.471, 0.0212,  .9827, 0.0212, 1.6561,  .16, 45.248
2024-07-15T00:00:00.00000, 1144,"16-jul-24","17:55",  4191,  4144,  4107,  4309,  4369,  4454,  4475,  3.8, 0.0212,  .5029, 0.0212, 2.8746,  .16,121.860, 0.0212,  .4385, 0.0212, 2.1066,  .16, 93.486, 0.0212,  .7605, 0.0212, 2.0436,  .16, 82.315, 0.0212,  .6585, 0.0212,  .9794,  .16, 74.532, 0.0212,  .5432, 0.0212, 1.4076,  .16, 67.360, 0.0212,  .5191, 0.0212,  .7788,  .16, 48.941, 0.0212,  .9785, 0.0212, 1.6561,  .16, 45.686
2024-07-15T00:00:00.00000, 1144,"16-jul-24","18:00",  4437,  4412,  4356,  4565,  4593,  4615,  4741,  3.8, 0.0212,  .4970, 0.0212, 2.8745,  .18,123.088, 0.0212,  .4345, 0.0212, 2.1065,  .18, 94.448, 0.0212,  .7542, 0.0212, 2.0436,  .18, 83.173, 0.0212,  .6535, 0.0212,  .9794,  .18, 75.326, 0.0212,  .5394, 0.0212, 1.4075,  .18, 68.075, 0.0212,  .5164, 0.0212,  .7787,  .18, 49.478, 0.0212,  .9736, 0.0212, 1.6560,  .18, 46.198
2024-07-15T00:00:00.00000, 1144,"16-jul-24","18:05",  4829,  4671,  4646,  4846,  4954,  4993,  5020,  3.8, 0.0212,  .4916, 0.0212, 2.8745,  .15,124.226, 0.0212,  .4309, 0.0212, 2.1066,  .15, 95.315, 0.0212,  .7485, 0.0212, 2.0436,  .15, 83.952, 0.0212,  .6490, 0.0212,  .9794,  .15, 76.043, 0.0212,  .5360, 0.0212, 1.4074,  .15, 68.731, 0.0212,  .5140, 0.0212,  .7787,  .15, 49.973, 0.0212,  .9692, 0.0212, 1.6560,  .15, 46.659
